Start Node,Target Node,Heuristic Path,Heuristic Time,Dijkstra Path,Dijkstra Time,Time Difference,number of changes,change pattern
0,217,0 -> 1 -> 2 -> 3 -> 4 -> 5 -> 6 -> 7 -> 8 -> 9 -> 10 -> 11 -> 12 -> 13 -> 14 -> 15 -> 219 -> 80 -> 86 -> 224 -> 126 -> 95 -> 96 -> 97 -> 98 -> 99 -> 100 -> 101 -> 102 -> 103 -> 128 -> 227 -> 166 -> 150 -> 151 -> 152 -> 153 -> 167 -> 168 -> 162 -> 228 -> 198 -> 202 -> 191 -> 217,166.81856732455864,0 -> 1 -> 2 -> 3 -> 4 -> 5 -> 6 -> 7 -> 8 -> 9 -> 10 -> 11 -> 12 -> 13 -> 14 -> 15 -> 219 -> 80 -> 86 -> 224 -> 126 -> 114 -> 137 -> 138 -> 139 -> 140 -> 141 -> 142 -> 143 -> 116 -> 226 -> 160 -> 172 -> 173 -> 174 -> 175 -> 161 -> 162 -> 228 -> 198 -> 202 -> 191 -> 217,171.45420573872647,-4.635638414,22,95~168 -114~161
1,217,1 -> 2 -> 3 -> 4 -> 5 -> 6 -> 7 -> 8 -> 9 -> 10 -> 11 -> 12 -> 13 -> 14 -> 15 -> 219 -> 80 -> 86 -> 224 -> 126 -> 95 -> 96 -> 97 -> 98 -> 99 -> 100 -> 101 -> 102 -> 103 -> 128 -> 227 -> 166 -> 150 -> 151 -> 152 -> 153 -> 167 -> 168 -> 162 -> 228 -> 198 -> 202 -> 191 -> 217,163.10385707195834,1 -> 2 -> 3 -> 4 -> 5 -> 6 -> 7 -> 8 -> 9 -> 10 -> 11 -> 12 -> 13 -> 14 -> 15 -> 219 -> 80 -> 86 -> 224 -> 126 -> 114 -> 137 -> 138 -> 139 -> 140 -> 141 -> 142 -> 143 -> 116 -> 226 -> 160 -> 172 -> 173 -> 174 -> 175 -> 161 -> 162 -> 228 -> 198 -> 202 -> 191 -> 217,167.7394954861262,-4.635638414,22,95~168 -114~161
2,217,2 -> 3 -> 4 -> 5 -> 6 -> 7 -> 8 -> 9 -> 10 -> 11 -> 12 -> 13 -> 14 -> 15 -> 219 -> 80 -> 86 -> 224 -> 126 -> 95 -> 96 -> 97 -> 98 -> 99 -> 100 -> 101 -> 102 -> 103 -> 128 -> 227 -> 166 -> 150 -> 151 -> 152 -> 153 -> 167 -> 168 -> 162 -> 228 -> 198 -> 202 -> 191 -> 217,159.34587135230407,2 -> 3 -> 4 -> 5 -> 6 -> 7 -> 8 -> 9 -> 10 -> 11 -> 12 -> 13 -> 14 -> 15 -> 219 -> 80 -> 86 -> 224 -> 126 -> 114 -> 137 -> 138 -> 139 -> 140 -> 141 -> 142 -> 143 -> 116 -> 226 -> 160 -> 172 -> 173 -> 174 -> 175 -> 161 -> 162 -> 228 -> 198 -> 202 -> 191 -> 217,163.98150976647193,-4.635638414,22,95~168 -114~161
3,217,3 -> 4 -> 5 -> 6 -> 7 -> 8 -> 9 -> 10 -> 11 -> 12 -> 13 -> 14 -> 15 -> 219 -> 80 -> 86 -> 224 -> 126 -> 95 -> 96 -> 97 -> 98 -> 99 -> 100 -> 101 -> 102 -> 103 -> 128 -> 227 -> 166 -> 150 -> 151 -> 152 -> 153 -> 167 -> 168 -> 162 -> 228 -> 198 -> 202 -> 191 -> 217,155.5159211416568,3 -> 4 -> 5 -> 6 -> 7 -> 8 -> 9 -> 10 -> 11 -> 12 -> 13 -> 14 -> 15 -> 219 -> 80 -> 86 -> 224 -> 126 -> 114 -> 137 -> 138 -> 139 -> 140 -> 141 -> 142 -> 143 -> 116 -> 226 -> 160 -> 172 -> 173 -> 174 -> 175 -> 161 -> 162 -> 228 -> 198 -> 202 -> 191 -> 217,160.15155955582466,-4.635638414,22,95~168 -114~161
4,217,4 -> 5 -> 6 -> 7 -> 8 -> 9 -> 10 -> 11 -> 12 -> 13 -> 14 -> 15 -> 219 -> 80 -> 86 -> 224 -> 126 -> 95 -> 96 -> 97 -> 98 -> 99 -> 100 -> 101 -> 102 -> 103 -> 128 -> 227 -> 166 -> 150 -> 151 -> 152 -> 153 -> 167 -> 168 -> 162 -> 228 -> 198 -> 202 -> 191 -> 217,151.67272360130326,4 -> 5 -> 6 -> 7 -> 8 -> 9 -> 10 -> 11 -> 12 -> 13 -> 14 -> 15 -> 219 -> 80 -> 86 -> 224 -> 126 -> 114 -> 137 -> 138 -> 139 -> 140 -> 141 -> 142 -> 143 -> 116 -> 226 -> 160 -> 172 -> 173 -> 174 -> 175 -> 161 -> 162 -> 228 -> 198 -> 202 -> 191 -> 217,156.30836201547112,-4.635638414,22,95~168 -114~161
5,217,5 -> 6 -> 7 -> 8 -> 9 -> 10 -> 11 -> 12 -> 13 -> 14 -> 15 -> 219 -> 80 -> 86 -> 224 -> 126 -> 95 -> 96 -> 97 -> 98 -> 99 -> 100 -> 101 -> 102 -> 103 -> 128 -> 227 -> 166 -> 150 -> 151 -> 152 -> 153 -> 167 -> 168 -> 162 -> 228 -> 198 -> 202 -> 191 -> 217,147.92740524924332,5 -> 6 -> 7 -> 8 -> 9 -> 10 -> 11 -> 12 -> 13 -> 14 -> 15 -> 219 -> 80 -> 86 -> 224 -> 126 -> 114 -> 137 -> 138 -> 139 -> 140 -> 141 -> 142 -> 143 -> 116 -> 226 -> 160 -> 172 -> 173 -> 174 -> 175 -> 161 -> 162 -> 228 -> 198 -> 202 -> 191 -> 217,152.56304366341115,-4.635638414,22,95~168 -114~161
6,217,6 -> 7 -> 8 -> 9 -> 10 -> 11 -> 12 -> 13 -> 14 -> 15 -> 219 -> 80 -> 86 -> 224 -> 126 -> 95 -> 96 -> 97 -> 98 -> 99 -> 100 -> 101 -> 102 -> 103 -> 128 -> 227 -> 166 -> 150 -> 151 -> 152 -> 153 -> 167 -> 168 -> 162 -> 228 -> 198 -> 202 -> 191 -> 217,144.2149015367396,6 -> 7 -> 8 -> 9 -> 10 -> 11 -> 12 -> 13 -> 14 -> 15 -> 219 -> 80 -> 86 -> 224 -> 126 -> 114 -> 137 -> 138 -> 139 -> 140 -> 141 -> 142 -> 143 -> 116 -> 226 -> 160 -> 172 -> 173 -> 174 -> 175 -> 161 -> 162 -> 228 -> 198 -> 202 -> 191 -> 217,148.85053995090743,-4.635638414,22,95~168 -114~161
7,217,7 -> 8 -> 9 -> 10 -> 11 -> 12 -> 13 -> 14 -> 15 -> 219 -> 80 -> 86 -> 224 -> 126 -> 95 -> 96 -> 97 -> 98 -> 99 -> 100 -> 101 -> 102 -> 103 -> 128 -> 227 -> 166 -> 150 -> 151 -> 152 -> 153 -> 167 -> 168 -> 162 -> 228 -> 198 -> 202 -> 191 -> 217,140.40972649868786,7 -> 8 -> 9 -> 10 -> 11 -> 12 -> 13 -> 14 -> 15 -> 219 -> 80 -> 86 -> 224 -> 126 -> 114 -> 137 -> 138 -> 139 -> 140 -> 141 -> 142 -> 143 -> 116 -> 226 -> 160 -> 172 -> 173 -> 174 -> 175 -> 161 -> 162 -> 228 -> 198 -> 202 -> 191 -> 217,145.0453649128557,-4.635638414,22,95~168 -114~161
8,217,8 -> 9 -> 10 -> 11 -> 12 -> 13 -> 14 -> 15 -> 219 -> 80 -> 86 -> 224 -> 126 -> 95 -> 96 -> 97 -> 98 -> 99 -> 100 -> 101 -> 102 -> 103 -> 128 -> 227 -> 166 -> 150 -> 151 -> 152 -> 153 -> 167 -> 168 -> 162 -> 228 -> 198 -> 202 -> 191 -> 217,136.61466008502563,8 -> 9 -> 10 -> 11 -> 12 -> 13 -> 14 -> 15 -> 219 -> 80 -> 86 -> 224 -> 126 -> 114 -> 137 -> 138 -> 139 -> 140 -> 141 -> 142 -> 143 -> 116 -> 226 -> 160 -> 172 -> 173 -> 174 -> 175 -> 161 -> 162 -> 228 -> 198 -> 202 -> 191 -> 217,141.25029849919343,-4.635638414,22,95~168 -114~161
9,217,9 -> 10 -> 11 -> 12 -> 13 -> 14 -> 15 -> 219 -> 80 -> 86 -> 224 -> 126 -> 95 -> 96 -> 97 -> 98 -> 99 -> 100 -> 101 -> 102 -> 103 -> 128 -> 227 -> 166 -> 150 -> 151 -> 152 -> 153 -> 167 -> 168 -> 162 -> 228 -> 198 -> 202 -> 191 -> 217,132.78764133263374,9 -> 10 -> 11 -> 12 -> 13 -> 14 -> 15 -> 219 -> 80 -> 86 -> 224 -> 126 -> 114 -> 137 -> 138 -> 139 -> 140 -> 141 -> 142 -> 143 -> 116 -> 226 -> 160 -> 172 -> 173 -> 174 -> 175 -> 161 -> 162 -> 228 -> 198 -> 202 -> 191 -> 217,137.42327974680157,-4.635638414,22,95~168 -114~161
10,217,10 -> 11 -> 12 -> 13 -> 14 -> 15 -> 219 -> 80 -> 86 -> 224 -> 126 -> 95 -> 96 -> 97 -> 98 -> 99 -> 100 -> 101 -> 102 -> 103 -> 128 -> 227 -> 166 -> 150 -> 151 -> 152 -> 153 -> 167 -> 168 -> 162 -> 228 -> 198 -> 202 -> 191 -> 217,128.98101780770037,10 -> 11 -> 12 -> 13 -> 14 -> 15 -> 219 -> 80 -> 86 -> 224 -> 126 -> 114 -> 137 -> 138 -> 139 -> 140 -> 141 -> 142 -> 143 -> 116 -> 226 -> 160 -> 172 -> 173 -> 174 -> 175 -> 161 -> 162 -> 228 -> 198 -> 202 -> 191 -> 217,133.61665622186817,-4.635638414,22,95~168 -114~161
11,217,11 -> 12 -> 13 -> 14 -> 15 -> 219 -> 80 -> 86 -> 224 -> 126 -> 95 -> 96 -> 97 -> 98 -> 99 -> 100 -> 101 -> 102 -> 103 -> 128 -> 227 -> 166 -> 150 -> 151 -> 152 -> 153 -> 167 -> 168 -> 162 -> 228 -> 198 -> 202 -> 191 -> 217,125.25245703215975,11 -> 12 -> 13 -> 14 -> 15 -> 219 -> 80 -> 86 -> 224 -> 126 -> 114 -> 137 -> 138 -> 139 -> 140 -> 141 -> 142 -> 143 -> 116 -> 226 -> 160 -> 172 -> 173 -> 174 -> 175 -> 161 -> 162 -> 228 -> 198 -> 202 -> 191 -> 217,129.88809544632755,-4.635638414,22,95~168 -114~161
12,217,12 -> 13 -> 14 -> 15 -> 219 -> 80 -> 86 -> 224 -> 126 -> 95 -> 96 -> 97 -> 98 -> 99 -> 100 -> 101 -> 102 -> 103 -> 128 -> 227 -> 166 -> 150 -> 151 -> 152 -> 153 -> 167 -> 168 -> 162 -> 228 -> 198 -> 202 -> 191 -> 217,121.45594981879603,12 -> 13 -> 14 -> 15 -> 219 -> 80 -> 86 -> 224 -> 126 -> 114 -> 137 -> 138 -> 139 -> 140 -> 141 -> 142 -> 143 -> 116 -> 226 -> 160 -> 172 -> 173 -> 174 -> 175 -> 161 -> 162 -> 228 -> 198 -> 202 -> 191 -> 217,126.09158823296387,-4.635638414,22,95~168 -114~161
13,217,13 -> 14 -> 15 -> 219 -> 80 -> 86 -> 224 -> 126 -> 95 -> 96 -> 97 -> 98 -> 99 -> 100 -> 101 -> 102 -> 103 -> 128 -> 227 -> 166 -> 150 -> 151 -> 152 -> 153 -> 167 -> 168 -> 162 -> 228 -> 198 -> 202 -> 191 -> 217,117.64061216141337,13 -> 14 -> 15 -> 219 -> 80 -> 86 -> 224 -> 126 -> 114 -> 137 -> 138 -> 139 -> 140 -> 141 -> 142 -> 143 -> 116 -> 226 -> 160 -> 172 -> 173 -> 174 -> 175 -> 161 -> 162 -> 228 -> 198 -> 202 -> 191 -> 217,122.27625057558119,-4.635638414,22,95~168 -114~161
14,217,14 -> 15 -> 219 -> 80 -> 86 -> 224 -> 126 -> 95 -> 96 -> 97 -> 98 -> 99 -> 100 -> 101 -> 102 -> 103 -> 128 -> 227 -> 166 -> 150 -> 151 -> 152 -> 153 -> 167 -> 168 -> 162 -> 228 -> 198 -> 202 -> 191 -> 217,113.84842406888399,14 -> 15 -> 219 -> 80 -> 86 -> 224 -> 126 -> 114 -> 137 -> 138 -> 139 -> 140 -> 141 -> 142 -> 143 -> 116 -> 226 -> 160 -> 172 -> 173 -> 174 -> 175 -> 161 -> 162 -> 228 -> 198 -> 202 -> 191 -> 217,118.4840624830518,-4.635638414,22,95~168 -114~161
15,217,15 -> 219 -> 80 -> 86 -> 224 -> 126 -> 95 -> 96 -> 97 -> 98 -> 99 -> 100 -> 101 -> 102 -> 103 -> 128 -> 227 -> 166 -> 150 -> 151 -> 152 -> 153 -> 167 -> 168 -> 162 -> 228 -> 198 -> 202 -> 191 -> 217,110.01847385823672,15 -> 219 -> 80 -> 86 -> 224 -> 126 -> 114 -> 137 -> 138 -> 139 -> 140 -> 141 -> 142 -> 143 -> 116 -> 226 -> 160 -> 172 -> 173 -> 174 -> 175 -> 161 -> 162 -> 228 -> 198 -> 202 -> 191 -> 217,114.65411227240453,-4.635638414,22,95~168 -114~161
16,217,16 -> 15 -> 219 -> 80 -> 86 -> 224 -> 126 -> 95 -> 96 -> 97 -> 98 -> 99 -> 100 -> 101 -> 102 -> 103 -> 128 -> 227 -> 166 -> 150 -> 151 -> 152 -> 153 -> 167 -> 168 -> 162 -> 228 -> 198 -> 202 -> 191 -> 217,113.84842406888399,16 -> 15 -> 219 -> 80 -> 86 -> 224 -> 126 -> 114 -> 137 -> 138 -> 139 -> 140 -> 141 -> 142 -> 143 -> 116 -> 226 -> 160 -> 172 -> 173 -> 174 -> 175 -> 161 -> 162 -> 228 -> 198 -> 202 -> 191 -> 217,118.4840624830518,-4.635638414,22,95~168 -114~161
17,217,17 -> 16 -> 15 -> 219 -> 80 -> 86 -> 224 -> 126 -> 95 -> 96 -> 97 -> 98 -> 99 -> 100 -> 101 -> 102 -> 103 -> 128 -> 227 -> 166 -> 150 -> 151 -> 152 -> 153 -> 167 -> 168 -> 162 -> 228 -> 198 -> 202 -> 191 -> 217,117.57281885473128,17 -> 16 -> 15 -> 219 -> 80 -> 86 -> 224 -> 126 -> 114 -> 137 -> 138 -> 139 -> 140 -> 141 -> 142 -> 143 -> 116 -> 226 -> 160 -> 172 -> 173 -> 174 -> 175 -> 161 -> 162 -> 228 -> 198 -> 202 -> 191 -> 217,122.2084572688991,-4.635638414,22,95~168 -114~161
18,217,18 -> 17 -> 16 -> 15 -> 219 -> 80 -> 86 -> 224 -> 126 -> 95 -> 96 -> 97 -> 98 -> 99 -> 100 -> 101 -> 102 -> 103 -> 128 -> 227 -> 166 -> 150 -> 151 -> 152 -> 153 -> 167 -> 168 -> 162 -> 228 -> 198 -> 202 -> 191 -> 217,121.32657260848504,18 -> 17 -> 16 -> 15 -> 219 -> 80 -> 86 -> 224 -> 126 -> 114 -> 137 -> 138 -> 139 -> 140 -> 141 -> 142 -> 143 -> 116 -> 226 -> 160 -> 172 -> 173 -> 174 -> 175 -> 161 -> 162 -> 228 -> 198 -> 202 -> 191 -> 217,125.96221102265285,-4.635638414,22,95~168 -114~161
19,217,19 -> 18 -> 17 -> 16 -> 15 -> 219 -> 80 -> 86 -> 224 -> 126 -> 95 -> 96 -> 97 -> 98 -> 99 -> 100 -> 101 -> 102 -> 103 -> 128 -> 227 -> 166 -> 150 -> 151 -> 152 -> 153 -> 167 -> 168 -> 162 -> 228 -> 198 -> 202 -> 191 -> 217,125.14045514090304,19 -> 18 -> 17 -> 16 -> 15 -> 219 -> 80 -> 86 -> 224 -> 126 -> 114 -> 137 -> 138 -> 139 -> 140 -> 141 -> 142 -> 143 -> 116 -> 226 -> 160 -> 172 -> 173 -> 174 -> 175 -> 161 -> 162 -> 228 -> 198 -> 202 -> 191 -> 217,129.77609355507084,-4.635638414,22,95~168 -114~161
20,217,20 -> 21 -> 22 -> 23 -> 24 -> 25 -> 26 -> 27 -> 28 -> 29 -> 30 -> 31 -> 32 -> 33 -> 34 -> 35 -> 36 -> 37 -> 218 -> 90 -> 91 -> 84 -> 222 -> 114 -> 137 -> 138 -> 139 -> 140 -> 141 -> 142 -> 143 -> 116 -> 226 -> 160 -> 172 -> 173 -> 174 -> 175 -> 161 -> 162 -> 228 -> 198 -> 202 -> 191 -> 217,179.83129554439316,20 -> 21 -> 22 -> 23 -> 24 -> 25 -> 26 -> 27 -> 28 -> 29 -> 30 -> 31 -> 32 -> 33 -> 34 -> 35 -> 36 -> 37 -> 218 -> 90 -> 91 -> 84 -> 222 -> 114 -> 137 -> 138 -> 139 -> 140 -> 141 -> 142 -> 143 -> 116 -> 226 -> 160 -> 172 -> 173 -> 174 -> 175 -> 161 -> 162 -> 228 -> 198 -> 202 -> 191 -> 217,179.15789554439317,0,0,-
21,217,21 -> 22 -> 23 -> 24 -> 25 -> 26 -> 27 -> 28 -> 29 -> 30 -> 31 -> 32 -> 33 -> 34 -> 35 -> 36 -> 37 -> 218 -> 90 -> 91 -> 84 -> 222 -> 114 -> 137 -> 138 -> 139 -> 140 -> 141 -> 142 -> 143 -> 116 -> 226 -> 160 -> 172 -> 173 -> 174 -> 175 -> 161 -> 162 -> 228 -> 198 -> 202 -> 191 -> 217,175.98514169823932,21 -> 22 -> 23 -> 24 -> 25 -> 26 -> 27 -> 28 -> 29 -> 30 -> 31 -> 32 -> 33 -> 34 -> 35 -> 36 -> 37 -> 218 -> 90 -> 91 -> 84 -> 222 -> 114 -> 137 -> 138 -> 139 -> 140 -> 141 -> 142 -> 143 -> 116 -> 226 -> 160 -> 172 -> 173 -> 174 -> 175 -> 161 -> 162 -> 228 -> 198 -> 202 -> 191 -> 217,175.31174169823933,0,0,-
22,217,22 -> 23 -> 24 -> 25 -> 26 -> 27 -> 28 -> 29 -> 30 -> 31 -> 32 -> 33 -> 34 -> 35 -> 36 -> 37 -> 218 -> 90 -> 91 -> 84 -> 222 -> 114 -> 137 -> 138 -> 139 -> 140 -> 141 -> 142 -> 143 -> 116 -> 226 -> 160 -> 172 -> 173 -> 174 -> 175 -> 161 -> 162 -> 228 -> 198 -> 202 -> 191 -> 217,172.24402684601336,22 -> 23 -> 24 -> 25 -> 26 -> 27 -> 28 -> 29 -> 30 -> 31 -> 32 -> 33 -> 34 -> 35 -> 36 -> 37 -> 218 -> 90 -> 91 -> 84 -> 222 -> 114 -> 137 -> 138 -> 139 -> 140 -> 141 -> 142 -> 143 -> 116 -> 226 -> 160 -> 172 -> 173 -> 174 -> 175 -> 161 -> 162 -> 228 -> 198 -> 202 -> 191 -> 217,171.57062684601337,0,0,-
23,217,23 -> 24 -> 25 -> 26 -> 27 -> 28 -> 29 -> 30 -> 31 -> 32 -> 33 -> 34 -> 35 -> 36 -> 37 -> 218 -> 90 -> 91 -> 84 -> 222 -> 114 -> 137 -> 138 -> 139 -> 140 -> 141 -> 142 -> 143 -> 116 -> 226 -> 160 -> 172 -> 173 -> 174 -> 175 -> 161 -> 162 -> 228 -> 198 -> 202 -> 191 -> 217,168.53152313350964,23 -> 24 -> 25 -> 26 -> 27 -> 28 -> 29 -> 30 -> 31 -> 32 -> 33 -> 34 -> 35 -> 36 -> 37 -> 218 -> 90 -> 91 -> 84 -> 222 -> 114 -> 137 -> 138 -> 139 -> 140 -> 141 -> 142 -> 143 -> 116 -> 226 -> 160 -> 172 -> 173 -> 174 -> 175 -> 161 -> 162 -> 228 -> 198 -> 202 -> 191 -> 217,167.85812313350965,0,0,-
24,217,24 -> 25 -> 26 -> 27 -> 28 -> 29 -> 30 -> 31 -> 32 -> 33 -> 34 -> 35 -> 36 -> 37 -> 218 -> 90 -> 91 -> 84 -> 222 -> 114 -> 137 -> 138 -> 139 -> 140 -> 141 -> 142 -> 143 -> 116 -> 226 -> 160 -> 172 -> 173 -> 174 -> 175 -> 161 -> 162 -> 228 -> 198 -> 202 -> 191 -> 217,164.76078406865292,24 -> 25 -> 26 -> 27 -> 28 -> 29 -> 30 -> 31 -> 32 -> 33 -> 34 -> 35 -> 36 -> 37 -> 218 -> 90 -> 91 -> 84 -> 222 -> 114 -> 137 -> 138 -> 139 -> 140 -> 141 -> 142 -> 143 -> 116 -> 226 -> 160 -> 172 -> 173 -> 174 -> 175 -> 161 -> 162 -> 228 -> 198 -> 202 -> 191 -> 217,164.08738406865294,0,0,-
25,217,25 -> 26 -> 27 -> 28 -> 29 -> 30 -> 31 -> 32 -> 33 -> 34 -> 35 -> 36 -> 37 -> 218 -> 90 -> 91 -> 84 -> 222 -> 114 -> 137 -> 138 -> 139 -> 140 -> 141 -> 142 -> 143 -> 116 -> 226 -> 160 -> 172 -> 173 -> 174 -> 175 -> 161 -> 162 -> 228 -> 198 -> 202 -> 191 -> 217,161.02386329137343,25 -> 26 -> 27 -> 28 -> 29 -> 30 -> 31 -> 32 -> 33 -> 34 -> 35 -> 36 -> 37 -> 218 -> 90 -> 91 -> 84 -> 222 -> 114 -> 137 -> 138 -> 139 -> 140 -> 141 -> 142 -> 143 -> 116 -> 226 -> 160 -> 172 -> 173 -> 174 -> 175 -> 161 -> 162 -> 228 -> 198 -> 202 -> 191 -> 217,160.35046329137344,0,0,-
26,217,26 -> 27 -> 28 -> 29 -> 30 -> 31 -> 32 -> 33 -> 34 -> 35 -> 36 -> 37 -> 218 -> 90 -> 91 -> 84 -> 222 -> 114 -> 137 -> 138 -> 139 -> 140 -> 141 -> 142 -> 143 -> 116 -> 226 -> 160 -> 172 -> 173 -> 174 -> 175 -> 161 -> 162 -> 228 -> 198 -> 202 -> 191 -> 217,157.2573849486239,26 -> 27 -> 28 -> 29 -> 30 -> 31 -> 32 -> 33 -> 34 -> 35 -> 36 -> 37 -> 218 -> 90 -> 91 -> 84 -> 222 -> 114 -> 137 -> 138 -> 139 -> 140 -> 141 -> 142 -> 143 -> 116 -> 226 -> 160 -> 172 -> 173 -> 174 -> 175 -> 161 -> 162 -> 228 -> 198 -> 202 -> 191 -> 217,156.5839849486239,0,0,-
27,217,27 -> 28 -> 29 -> 30 -> 31 -> 32 -> 33 -> 34 -> 35 -> 36 -> 37 -> 218 -> 90 -> 91 -> 84 -> 222 -> 114 -> 137 -> 138 -> 139 -> 140 -> 141 -> 142 -> 143 -> 116 -> 226 -> 160 -> 172 -> 173 -> 174 -> 175 -> 161 -> 162 -> 228 -> 198 -> 202 -> 191 -> 217,153.44059105549408,27 -> 28 -> 29 -> 30 -> 31 -> 32 -> 33 -> 34 -> 35 -> 36 -> 37 -> 218 -> 90 -> 91 -> 84 -> 222 -> 114 -> 137 -> 138 -> 139 -> 140 -> 141 -> 142 -> 143 -> 116 -> 226 -> 160 -> 172 -> 173 -> 174 -> 175 -> 161 -> 162 -> 228 -> 198 -> 202 -> 191 -> 217,152.7671910554941,0,0,-
28,217,28 -> 29 -> 30 -> 31 -> 32 -> 33 -> 34 -> 35 -> 36 -> 37 -> 218 -> 90 -> 91 -> 84 -> 222 -> 114 -> 137 -> 138 -> 139 -> 140 -> 141 -> 142 -> 143 -> 116 -> 226 -> 160 -> 172 -> 173 -> 174 -> 175 -> 161 -> 162 -> 228 -> 198 -> 202 -> 191 -> 217,149.65127692135238,28 -> 29 -> 30 -> 31 -> 32 -> 33 -> 34 -> 35 -> 36 -> 37 -> 218 -> 90 -> 91 -> 84 -> 222 -> 114 -> 137 -> 138 -> 139 -> 140 -> 141 -> 142 -> 143 -> 116 -> 226 -> 160 -> 172 -> 173 -> 174 -> 175 -> 161 -> 162 -> 228 -> 198 -> 202 -> 191 -> 217,148.9778769213524,0,0,-
29,217,29 -> 30 -> 31 -> 32 -> 33 -> 34 -> 35 -> 36 -> 37 -> 218 -> 90 -> 91 -> 84 -> 222 -> 114 -> 137 -> 138 -> 139 -> 140 -> 141 -> 142 -> 143 -> 116 -> 226 -> 160 -> 172 -> 173 -> 174 -> 175 -> 161 -> 162 -> 228 -> 198 -> 202 -> 191 -> 217,145.81250532826215,29 -> 30 -> 31 -> 32 -> 33 -> 34 -> 35 -> 36 -> 37 -> 218 -> 90 -> 91 -> 84 -> 222 -> 114 -> 137 -> 138 -> 139 -> 140 -> 141 -> 142 -> 143 -> 116 -> 226 -> 160 -> 172 -> 173 -> 174 -> 175 -> 161 -> 162 -> 228 -> 198 -> 202 -> 191 -> 217,145.13910532826216,0,0,-
30,217,30 -> 31 -> 32 -> 33 -> 34 -> 35 -> 36 -> 37 -> 218 -> 90 -> 91 -> 84 -> 222 -> 114 -> 137 -> 138 -> 139 -> 140 -> 141 -> 142 -> 143 -> 116 -> 226 -> 160 -> 172 -> 173 -> 174 -> 175 -> 161 -> 162 -> 228 -> 198 -> 202 -> 191 -> 217,141.97373373517195,30 -> 31 -> 32 -> 33 -> 34 -> 35 -> 36 -> 37 -> 218 -> 90 -> 91 -> 84 -> 222 -> 114 -> 137 -> 138 -> 139 -> 140 -> 141 -> 142 -> 143 -> 116 -> 226 -> 160 -> 172 -> 173 -> 174 -> 175 -> 161 -> 162 -> 228 -> 198 -> 202 -> 191 -> 217,141.30033373517196,0,0,-
31,217,31 -> 32 -> 33 -> 34 -> 35 -> 36 -> 37 -> 218 -> 90 -> 91 -> 84 -> 222 -> 114 -> 137 -> 138 -> 139 -> 140 -> 141 -> 142 -> 143 -> 116 -> 226 -> 160 -> 172 -> 173 -> 174 -> 175 -> 161 -> 162 -> 228 -> 198 -> 202 -> 191 -> 217,138.24239045158984,31 -> 32 -> 33 -> 34 -> 35 -> 36 -> 37 -> 218 -> 90 -> 91 -> 84 -> 222 -> 114 -> 137 -> 138 -> 139 -> 140 -> 141 -> 142 -> 143 -> 116 -> 226 -> 160 -> 172 -> 173 -> 174 -> 175 -> 161 -> 162 -> 228 -> 198 -> 202 -> 191 -> 217,137.56899045158985,0,0,-
32,217,32 -> 33 -> 34 -> 35 -> 36 -> 37 -> 218 -> 90 -> 91 -> 84 -> 222 -> 114 -> 137 -> 138 -> 139 -> 140 -> 141 -> 142 -> 143 -> 116 -> 226 -> 160 -> 172 -> 173 -> 174 -> 175 -> 161 -> 162 -> 228 -> 198 -> 202 -> 191 -> 217,134.49145271715625,32 -> 33 -> 34 -> 35 -> 36 -> 37 -> 218 -> 90 -> 91 -> 84 -> 222 -> 114 -> 137 -> 138 -> 139 -> 140 -> 141 -> 142 -> 143 -> 116 -> 226 -> 160 -> 172 -> 173 -> 174 -> 175 -> 161 -> 162 -> 228 -> 198 -> 202 -> 191 -> 217,133.81805271715626,0,0,-
33,217,33 -> 34 -> 35 -> 36 -> 37 -> 218 -> 90 -> 91 -> 84 -> 222 -> 114 -> 137 -> 138 -> 139 -> 140 -> 141 -> 142 -> 143 -> 116 -> 226 -> 160 -> 172 -> 173 -> 174 -> 175 -> 161 -> 162 -> 228 -> 198 -> 202 -> 191 -> 217,130.77259812437083,33 -> 34 -> 35 -> 36 -> 37 -> 218 -> 90 -> 91 -> 84 -> 222 -> 114 -> 137 -> 138 -> 139 -> 140 -> 141 -> 142 -> 143 -> 116 -> 226 -> 160 -> 172 -> 173 -> 174 -> 175 -> 161 -> 162 -> 228 -> 198 -> 202 -> 191 -> 217,130.09919812437084,0,0,-
34,217,34 -> 35 -> 36 -> 37 -> 218 -> 90 -> 91 -> 84 -> 222 -> 114 -> 137 -> 138 -> 139 -> 140 -> 141 -> 142 -> 143 -> 116 -> 226 -> 160 -> 172 -> 173 -> 174 -> 175 -> 161 -> 162 -> 228 -> 198 -> 202 -> 191 -> 217,126.95288842230823,34 -> 35 -> 36 -> 37 -> 218 -> 90 -> 91 -> 84 -> 222 -> 114 -> 137 -> 138 -> 139 -> 140 -> 141 -> 142 -> 143 -> 116 -> 226 -> 160 -> 172 -> 173 -> 174 -> 175 -> 161 -> 162 -> 228 -> 198 -> 202 -> 191 -> 217,126.27948842230823,0,0,-
35,217,35 -> 36 -> 37 -> 218 -> 90 -> 91 -> 84 -> 222 -> 114 -> 137 -> 138 -> 139 -> 140 -> 141 -> 142 -> 143 -> 116 -> 226 -> 160 -> 172 -> 173 -> 174 -> 175 -> 161 -> 162 -> 228 -> 198 -> 202 -> 191 -> 217,123.11853259408736,35 -> 36 -> 37 -> 218 -> 90 -> 91 -> 84 -> 222 -> 114 -> 137 -> 138 -> 139 -> 140 -> 141 -> 142 -> 143 -> 116 -> 226 -> 160 -> 172 -> 173 -> 174 -> 175 -> 161 -> 162 -> 228 -> 198 -> 202 -> 191 -> 217,122.44513259408735,0,0,-
36,217,36 -> 37 -> 218 -> 90 -> 91 -> 84 -> 222 -> 114 -> 137 -> 138 -> 139 -> 140 -> 141 -> 142 -> 143 -> 116 -> 226 -> 160 -> 172 -> 173 -> 174 -> 175 -> 161 -> 162 -> 228 -> 198 -> 202 -> 191 -> 217,119.30900878456356,36 -> 37 -> 218 -> 90 -> 91 -> 84 -> 222 -> 114 -> 137 -> 138 -> 139 -> 140 -> 141 -> 142 -> 143 -> 116 -> 226 -> 160 -> 172 -> 173 -> 174 -> 175 -> 161 -> 162 -> 228 -> 198 -> 202 -> 191 -> 217,118.63560878456356,0,0,-
37,217,37 -> 218 -> 90 -> 91 -> 84 -> 222 -> 114 -> 137 -> 138 -> 139 -> 140 -> 141 -> 142 -> 143 -> 116 -> 226 -> 160 -> 172 -> 173 -> 174 -> 175 -> 161 -> 162 -> 228 -> 198 -> 202 -> 191 -> 217,115.51394237090133,37 -> 218 -> 90 -> 91 -> 84 -> 222 -> 114 -> 137 -> 138 -> 139 -> 140 -> 141 -> 142 -> 143 -> 116 -> 226 -> 160 -> 172 -> 173 -> 174 -> 175 -> 161 -> 162 -> 228 -> 198 -> 202 -> 191 -> 217,114.84054237090133,0,0,-
38,217,38 -> 37 -> 218 -> 90 -> 91 -> 84 -> 222 -> 114 -> 137 -> 138 -> 139 -> 140 -> 141 -> 142 -> 143 -> 116 -> 226 -> 160 -> 172 -> 173 -> 174 -> 175 -> 161 -> 162 -> 228 -> 198 -> 202 -> 191 -> 217,119.30900878456356,38 -> 37 -> 218 -> 90 -> 91 -> 84 -> 222 -> 114 -> 137 -> 138 -> 139 -> 140 -> 141 -> 142 -> 143 -> 116 -> 226 -> 160 -> 172 -> 173 -> 174 -> 175 -> 161 -> 162 -> 228 -> 198 -> 202 -> 191 -> 217,118.63560878456356,0,0,-
39,217,39 -> 38 -> 37 -> 218 -> 90 -> 91 -> 84 -> 222 -> 114 -> 137 -> 138 -> 139 -> 140 -> 141 -> 142 -> 143 -> 116 -> 226 -> 160 -> 172 -> 173 -> 174 -> 175 -> 161 -> 162 -> 228 -> 198 -> 202 -> 191 -> 217,123.0897271210475,39 -> 38 -> 37 -> 218 -> 90 -> 91 -> 84 -> 222 -> 114 -> 137 -> 138 -> 139 -> 140 -> 141 -> 142 -> 143 -> 116 -> 226 -> 160 -> 172 -> 173 -> 174 -> 175 -> 161 -> 162 -> 228 -> 198 -> 202 -> 191 -> 217,122.4163271210475,0,0,-
40,217,40 -> 39 -> 38 -> 37 -> 218 -> 90 -> 91 -> 84 -> 222 -> 114 -> 137 -> 138 -> 139 -> 140 -> 141 -> 142 -> 143 -> 116 -> 226 -> 160 -> 172 -> 173 -> 174 -> 175 -> 161 -> 162 -> 228 -> 198 -> 202 -> 191 -> 217,126.80223083355119,40 -> 39 -> 38 -> 37 -> 218 -> 90 -> 91 -> 84 -> 222 -> 114 -> 137 -> 138 -> 139 -> 140 -> 141 -> 142 -> 143 -> 116 -> 226 -> 160 -> 172 -> 173 -> 174 -> 175 -> 161 -> 162 -> 228 -> 198 -> 202 -> 191 -> 217,126.12883083355119,0,0,-
41,217,41 -> 40 -> 39 -> 38 -> 37 -> 218 -> 90 -> 91 -> 84 -> 222 -> 114 -> 137 -> 138 -> 139 -> 140 -> 141 -> 142 -> 143 -> 116 -> 226 -> 160 -> 172 -> 173 -> 174 -> 175 -> 161 -> 162 -> 228 -> 198 -> 202 -> 191 -> 217,130.53218234418154,41 -> 40 -> 39 -> 38 -> 37 -> 218 -> 90 -> 91 -> 84 -> 222 -> 114 -> 137 -> 138 -> 139 -> 140 -> 141 -> 142 -> 143 -> 116 -> 226 -> 160 -> 172 -> 173 -> 174 -> 175 -> 161 -> 162 -> 228 -> 198 -> 202 -> 191 -> 217,129.85878234418155,0,0,-
42,217,42 -> 19 -> 18 -> 17 -> 16 -> 15 -> 219 -> 80 -> 86 -> 224 -> 126 -> 95 -> 96 -> 97 -> 98 -> 99 -> 100 -> 101 -> 102 -> 103 -> 128 -> 227 -> 166 -> 150 -> 151 -> 152 -> 153 -> 167 -> 168 -> 162 -> 228 -> 198 -> 202 -> 191 -> 217,128.8998536371436,42 -> 19 -> 18 -> 17 -> 16 -> 15 -> 219 -> 80 -> 86 -> 224 -> 126 -> 114 -> 137 -> 138 -> 139 -> 140 -> 141 -> 142 -> 143 -> 116 -> 226 -> 160 -> 172 -> 173 -> 174 -> 175 -> 161 -> 162 -> 228 -> 198 -> 202 -> 191 -> 217,133.53549205131142,-4.635638414,,95-114
43,217,43 -> 44 -> 45 -> 46 -> 47 -> 48 -> 221 -> 83 -> 89 -> 225 -> 134 -> 111 -> 110 -> 109 -> 108 -> 107 -> 106 -> 105 -> 130 -> 129 -> 128 -> 227 -> 166 -> 150 -> 151 -> 152 -> 153 -> 167 -> 168 -> 162 -> 228 -> 198 -> 202 -> 191 -> 217,129.0937935,43 -> 42 -> 19 -> 18 -> 17 -> 16 -> 15 -> 219 -> 80 -> 86 -> 224 -> 126 -> 114 -> 137 -> 138 -> 139 -> 140 -> 141 -> 142 -> 143 -> 116 -> 226 -> 160 -> 172 -> 173 -> 174 -> 175 -> 161 -> 162 -> 228 -> 198 -> 202 -> 191 -> 217,137.37131867194816,-8.277525192,,44-42
44,217,44 -> 45 -> 46 -> 47 -> 48 -> 221 -> 83 -> 89 -> 225 -> 134 -> 111 -> 110 -> 109 -> 108 -> 107 -> 106 -> 105 -> 130 -> 129 -> 128 -> 227 -> 166 -> 150 -> 151 -> 152 -> 153 -> 167 -> 168 -> 162 -> 228 -> 198 -> 202 -> 191 -> 217,125.26970170202236,44 -> 45 -> 46 -> 47 -> 48 -> 221 -> 83 -> 82 -> 81 -> 87 -> 84 -> 222 -> 114 -> 137 -> 138 -> 139 -> 140 -> 141 -> 142 -> 143 -> 116 -> 226 -> 160 -> 172 -> 173 -> 174 -> 175 -> 161 -> 162 -> 228 -> 198 -> 202 -> 191 -> 217,137.54597141792198,-12.27626972,20,89~168 - 82~161
45,217,45 -> 46 -> 47 -> 48 -> 221 -> 83 -> 89 -> 225 -> 134 -> 111 -> 110 -> 109 -> 108 -> 107 -> 106 -> 105 -> 130 -> 129 -> 128 -> 227 -> 166 -> 150 -> 151 -> 152 -> 153 -> 167 -> 168 -> 162 -> 228 -> 198 -> 202 -> 191 -> 217,121.45581916960435,45 -> 46 -> 47 -> 48 -> 221 -> 83 -> 82 -> 81 -> 87 -> 84 -> 222 -> 114 -> 137 -> 138 -> 139 -> 140 -> 141 -> 142 -> 143 -> 116 -> 226 -> 160 -> 172 -> 173 -> 174 -> 175 -> 161 -> 162 -> 228 -> 198 -> 202 -> 191 -> 217,133.73208888550397,-12.27626972,20,89~168 - 82~161
46,217,46 -> 47 -> 48 -> 221 -> 83 -> 89 -> 225 -> 134 -> 111 -> 110 -> 109 -> 108 -> 107 -> 106 -> 105 -> 130 -> 129 -> 128 -> 227 -> 166 -> 150 -> 151 -> 152 -> 153 -> 167 -> 168 -> 162 -> 228 -> 198 -> 202 -> 191 -> 217,117.69359193107917,46 -> 47 -> 48 -> 221 -> 83 -> 82 -> 81 -> 87 -> 84 -> 222 -> 114 -> 137 -> 138 -> 139 -> 140 -> 141 -> 142 -> 143 -> 116 -> 226 -> 160 -> 172 -> 173 -> 174 -> 175 -> 161 -> 162 -> 228 -> 198 -> 202 -> 191 -> 217,129.96986164697879,-12.27626972,20,89~168 - 82~161
47,217,47 -> 48 -> 221 -> 83 -> 89 -> 225 -> 134 -> 111 -> 110 -> 109 -> 108 -> 107 -> 106 -> 105 -> 130 -> 129 -> 128 -> 227 -> 166 -> 150 -> 151 -> 152 -> 153 -> 167 -> 168 -> 162 -> 228 -> 198 -> 202 -> 191 -> 217,113.85482033798894,47 -> 48 -> 221 -> 83 -> 82 -> 81 -> 87 -> 84 -> 222 -> 114 -> 137 -> 138 -> 139 -> 140 -> 141 -> 142 -> 143 -> 116 -> 226 -> 160 -> 172 -> 173 -> 174 -> 175 -> 161 -> 162 -> 228 -> 198 -> 202 -> 191 -> 217,126.13109005388857,-12.27626972,20,89~168 - 82~161
48,217,48 -> 221 -> 83 -> 89 -> 225 -> 134 -> 111 -> 110 -> 109 -> 108 -> 107 -> 106 -> 105 -> 130 -> 129 -> 128 -> 227 -> 166 -> 150 -> 151 -> 152 -> 153 -> 167 -> 168 -> 162 -> 228 -> 198 -> 202 -> 191 -> 217,110.13596574520352,48 -> 221 -> 83 -> 82 -> 81 -> 87 -> 84 -> 222 -> 114 -> 137 -> 138 -> 139 -> 140 -> 141 -> 142 -> 143 -> 116 -> 226 -> 160 -> 172 -> 173 -> 174 -> 175 -> 161 -> 162 -> 228 -> 198 -> 202 -> 191 -> 217,122.41223546110315,-12.27626972,20,89~168 - 82~161
49,217,49 -> 48 -> 221 -> 83 -> 89 -> 225 -> 134 -> 111 -> 110 -> 109 -> 108 -> 107 -> 106 -> 105 -> 130 -> 129 -> 128 -> 227 -> 166 -> 150 -> 151 -> 152 -> 153 -> 167 -> 168 -> 162 -> 228 -> 198 -> 202 -> 191 -> 217,113.85482033798894,49 -> 48 -> 221 -> 83 -> 82 -> 81 -> 87 -> 84 -> 222 -> 114 -> 137 -> 138 -> 139 -> 140 -> 141 -> 142 -> 143 -> 116 -> 226 -> 160 -> 172 -> 173 -> 174 -> 175 -> 161 -> 162 -> 228 -> 198 -> 202 -> 191 -> 217,126.13109005388857,-12.27626972,20,89~168 - 82~161
50,217,50 -> 49 -> 48 -> 221 -> 83 -> 89 -> 225 -> 134 -> 111 -> 110 -> 109 -> 108 -> 107 -> 106 -> 105 -> 130 -> 129 -> 128 -> 227 -> 166 -> 150 -> 151 -> 152 -> 153 -> 167 -> 168 -> 162 -> 228 -> 198 -> 202 -> 191 -> 217,117.64844704512097,50 -> 49 -> 48 -> 221 -> 83 -> 82 -> 81 -> 87 -> 84 -> 222 -> 114 -> 137 -> 138 -> 139 -> 140 -> 141 -> 142 -> 143 -> 116 -> 226 -> 160 -> 172 -> 173 -> 174 -> 175 -> 161 -> 162 -> 228 -> 198 -> 202 -> 191 -> 217,129.9247167610206,-12.27626972,20,89~168 - 82~161
51,217,51 -> 50 -> 49 -> 48 -> 221 -> 83 -> 89 -> 225 -> 134 -> 111 -> 110 -> 109 -> 108 -> 107 -> 106 -> 105 -> 130 -> 129 -> 128 -> 227 -> 166 -> 150 -> 151 -> 152 -> 153 -> 167 -> 168 -> 162 -> 228 -> 198 -> 202 -> 191 -> 217,121.49164458547452,51 -> 50 -> 49 -> 48 -> 221 -> 83 -> 82 -> 81 -> 87 -> 84 -> 222 -> 114 -> 137 -> 138 -> 139 -> 140 -> 141 -> 142 -> 143 -> 116 -> 226 -> 160 -> 172 -> 173 -> 174 -> 175 -> 161 -> 162 -> 228 -> 198 -> 202 -> 191 -> 217,133.76791430137416,-12.27626972,20,89~168 - 82~161
52,217,52 -> 51 -> 50 -> 49 -> 48 -> 221 -> 83 -> 89 -> 225 -> 134 -> 111 -> 110 -> 109 -> 108 -> 107 -> 106 -> 105 -> 130 -> 129 -> 128 -> 227 -> 166 -> 150 -> 151 -> 152 -> 153 -> 167 -> 168 -> 162 -> 228 -> 198 -> 202 -> 191 -> 217,125.28527129260655,52 -> 51 -> 50 -> 49 -> 48 -> 221 -> 83 -> 82 -> 81 -> 87 -> 84 -> 222 -> 114 -> 137 -> 138 -> 139 -> 140 -> 141 -> 142 -> 143 -> 116 -> 226 -> 160 -> 172 -> 173 -> 174 -> 175 -> 161 -> 162 -> 228 -> 198 -> 202 -> 191 -> 217,137.56154100850617,-12.27626972,20,89~168 - 82~161
53,217,53 -> 52 -> 51 -> 50 -> 49 -> 48 -> 221 -> 83 -> 89 -> 225 -> 134 -> 111 -> 110 -> 109 -> 108 -> 107 -> 106 -> 105 -> 130 -> 129 -> 128 -> 227 -> 166 -> 150 -> 151 -> 152 -> 153 -> 167 -> 168 -> 162 -> 228 -> 198 -> 202 -> 191 -> 217,129.10352253353818,53 -> 52 -> 51 -> 50 -> 49 -> 48 -> 221 -> 83 -> 82 -> 81 -> 87 -> 84 -> 222 -> 114 -> 137 -> 138 -> 139 -> 140 -> 141 -> 142 -> 143 -> 116 -> 226 -> 160 -> 172 -> 173 -> 174 -> 175 -> 161 -> 162 -> 228 -> 198 -> 202 -> 191 -> 217,141.3797922494378,-12.27626972,20,89~168 - 82~161
54,217,54 -> 53 -> 52 -> 51 -> 50 -> 49 -> 48 -> 221 -> 83 -> 89 -> 225 -> 134 -> 111 -> 110 -> 109 -> 108 -> 107 -> 106 -> 105 -> 130 -> 129 -> 128 -> 227 -> 166 -> 150 -> 151 -> 152 -> 153 -> 167 -> 168 -> 162 -> 228 -> 198 -> 202 -> 191 -> 217,132.83625862909622,54 -> 53 -> 52 -> 51 -> 50 -> 49 -> 48 -> 221 -> 83 -> 82 -> 81 -> 87 -> 84 -> 222 -> 114 -> 137 -> 138 -> 139 -> 140 -> 141 -> 142 -> 143 -> 116 -> 226 -> 160 -> 172 -> 173 -> 174 -> 175 -> 161 -> 162 -> 228 -> 198 -> 202 -> 191 -> 217,145.11252834499584,-12.27626972,20,89~168 - 82~161
55,217,55 -> 54 -> 53 -> 52 -> 51 -> 50 -> 49 -> 48 -> 221 -> 83 -> 89 -> 225 -> 134 -> 111 -> 110 -> 109 -> 108 -> 107 -> 106 -> 105 -> 130 -> 129 -> 128 -> 227 -> 166 -> 150 -> 151 -> 152 -> 153 -> 167 -> 168 -> 162 -> 228 -> 198 -> 202 -> 191 -> 217,136.6284467216256,55 -> 54 -> 53 -> 52 -> 51 -> 50 -> 49 -> 48 -> 221 -> 83 -> 82 -> 81 -> 87 -> 84 -> 222 -> 114 -> 137 -> 138 -> 139 -> 140 -> 141 -> 142 -> 143 -> 116 -> 226 -> 160 -> 172 -> 173 -> 174 -> 175 -> 161 -> 162 -> 228 -> 198 -> 202 -> 191 -> 217,148.90471643752525,-12.27626972,20,89~168 - 82~161
56,217,56 -> 55 -> 54 -> 53 -> 52 -> 51 -> 50 -> 49 -> 48 -> 221 -> 83 -> 89 -> 225 -> 134 -> 111 -> 110 -> 109 -> 108 -> 107 -> 106 -> 105 -> 130 -> 129 -> 128 -> 227 -> 166 -> 150 -> 151 -> 152 -> 153 -> 167 -> 168 -> 162 -> 228 -> 198 -> 202 -> 191 -> 217,140.39350696258947,56 -> 55 -> 54 -> 53 -> 52 -> 51 -> 50 -> 49 -> 48 -> 221 -> 83 -> 82 -> 81 -> 87 -> 84 -> 222 -> 114 -> 137 -> 138 -> 139 -> 140 -> 141 -> 142 -> 143 -> 116 -> 226 -> 160 -> 172 -> 173 -> 174 -> 175 -> 161 -> 162 -> 228 -> 198 -> 202 -> 191 -> 217,152.66977667848911,-12.27626972,20,89~168 - 82~161
57,217,57 -> 56 -> 55 -> 54 -> 53 -> 52 -> 51 -> 50 -> 49 -> 48 -> 221 -> 83 -> 89 -> 225 -> 134 -> 111 -> 110 -> 109 -> 108 -> 107 -> 106 -> 105 -> 130 -> 129 -> 128 -> 227 -> 166 -> 150 -> 151 -> 152 -> 153 -> 167 -> 168 -> 162 -> 228 -> 198 -> 202 -> 191 -> 217,144.21467624038846,57 -> 56 -> 55 -> 54 -> 53 -> 52 -> 51 -> 50 -> 49 -> 48 -> 221 -> 83 -> 82 -> 81 -> 87 -> 84 -> 222 -> 114 -> 137 -> 138 -> 139 -> 140 -> 141 -> 142 -> 143 -> 116 -> 226 -> 160 -> 172 -> 173 -> 174 -> 175 -> 161 -> 162 -> 228 -> 198 -> 202 -> 191 -> 217,156.49094595628813,-12.27626972,20,89~168 - 82~161
58,217,58 -> 57 -> 56 -> 55 -> 54 -> 53 -> 52 -> 51 -> 50 -> 49 -> 48 -> 221 -> 83 -> 89 -> 225 -> 134 -> 111 -> 110 -> 109 -> 108 -> 107 -> 106 -> 105 -> 130 -> 129 -> 128 -> 227 -> 166 -> 150 -> 151 -> 152 -> 153 -> 167 -> 168 -> 162 -> 228 -> 198 -> 202 -> 191 -> 217,147.99111128570567,58 -> 57 -> 56 -> 55 -> 54 -> 53 -> 52 -> 51 -> 50 -> 49 -> 48 -> 221 -> 83 -> 82 -> 81 -> 87 -> 84 -> 222 -> 114 -> 137 -> 138 -> 139 -> 140 -> 141 -> 142 -> 143 -> 116 -> 226 -> 160 -> 172 -> 173 -> 174 -> 175 -> 161 -> 162 -> 228 -> 198 -> 202 -> 191 -> 217,160.26738100160537,-12.27626972,20,89~168 - 82~161
59,217,59 -> 58 -> 57 -> 56 -> 55 -> 54 -> 53 -> 52 -> 51 -> 50 -> 49 -> 48 -> 221 -> 83 -> 89 -> 225 -> 134 -> 111 -> 110 -> 109 -> 108 -> 107 -> 106 -> 105 -> 130 -> 129 -> 128 -> 227 -> 166 -> 150 -> 151 -> 152 -> 153 -> 167 -> 168 -> 162 -> 228 -> 198 -> 202 -> 191 -> 217,151.77612264073974,59 -> 58 -> 57 -> 56 -> 55 -> 54 -> 53 -> 52 -> 51 -> 50 -> 49 -> 48 -> 221 -> 83 -> 82 -> 81 -> 87 -> 84 -> 222 -> 114 -> 137 -> 138 -> 139 -> 140 -> 141 -> 142 -> 143 -> 116 -> 226 -> 160 -> 172 -> 173 -> 174 -> 175 -> 161 -> 162 -> 228 -> 198 -> 202 -> 191 -> 217,164.05239235663942,-12.27626972,20,89~168 - 82~161
60,217,60 -> 59 -> 58 -> 57 -> 56 -> 55 -> 54 -> 53 -> 52 -> 51 -> 50 -> 49 -> 48 -> 221 -> 83 -> 89 -> 225 -> 134 -> 111 -> 110 -> 109 -> 108 -> 107 -> 106 -> 105 -> 130 -> 129 -> 128 -> 227 -> 166 -> 150 -> 151 -> 152 -> 153 -> 167 -> 168 -> 162 -> 228 -> 198 -> 202 -> 191 -> 217,155.55541213431496,60 -> 59 -> 58 -> 57 -> 56 -> 55 -> 54 -> 53 -> 52 -> 51 -> 50 -> 49 -> 48 -> 221 -> 83 -> 82 -> 81 -> 87 -> 84 -> 222 -> 114 -> 137 -> 138 -> 139 -> 140 -> 141 -> 142 -> 143 -> 116 -> 226 -> 160 -> 172 -> 173 -> 174 -> 175 -> 161 -> 162 -> 228 -> 198 -> 202 -> 191 -> 217,167.83168185021464,-12.27626972,20,89~168 - 82~161
61,217,61 -> 41 -> 40 -> 39 -> 38 -> 37 -> 218 -> 90 -> 91 -> 84 -> 222 -> 114 -> 137 -> 138 -> 139 -> 140 -> 141 -> 142 -> 143 -> 116 -> 226 -> 160 -> 172 -> 173 -> 174 -> 175 -> 161 -> 162 -> 228 -> 198 -> 202 -> 191 -> 217,134.3186268727692,61 -> 41 -> 40 -> 39 -> 38 -> 37 -> 218 -> 90 -> 91 -> 84 -> 222 -> 114 -> 137 -> 138 -> 139 -> 140 -> 141 -> 142 -> 143 -> 116 -> 226 -> 160 -> 172 -> 173 -> 174 -> 175 -> 161 -> 162 -> 228 -> 198 -> 202 -> 191 -> 217,133.6452268727692,0,0,-
62,217,62 -> 63 -> 64 -> 65 -> 66 -> 67 -> 220 -> 93 -> 92 -> 85 -> 223 -> 123 -> 134 -> 111 -> 110 -> 109 -> 108 -> 107 -> 106 -> 105 -> 130 -> 129 -> 128 -> 227 -> 166 -> 150 -> 151 -> 152 -> 153 -> 167 -> 168 -> 162 -> 228 -> 198 -> 202 -> 191 -> 217,136.37122475815772,62 -> 61 -> 41 -> 40 -> 39 -> 38 -> 37 -> 218 -> 90 -> 91 -> 84 -> 222 -> 114 -> 137 -> 138 -> 139 -> 140 -> 141 -> 142 -> 143 -> 116 -> 226 -> 160 -> 172 -> 173 -> 174 -> 175 -> 161 -> 162 -> 228 -> 198 -> 202 -> 191 -> 217,137.4245163663444,-1.053291608,23,63~168 - 61~161
63,217,63 -> 64 -> 65 -> 66 -> 67 -> 220 -> 93 -> 92 -> 85 -> 223 -> 123 -> 134 -> 111 -> 110 -> 109 -> 108 -> 107 -> 106 -> 105 -> 130 -> 129 -> 128 -> 227 -> 166 -> 150 -> 151 -> 152 -> 153 -> 167 -> 168 -> 162 -> 228 -> 198 -> 202 -> 191 -> 217,132.60616451719386,63 -> 64 -> 65 -> 66 -> 67 -> 220 -> 93 -> 92 -> 85 -> 84 -> 222 -> 114 -> 137 -> 138 -> 139 -> 140 -> 141 -> 142 -> 143 -> 116 -> 226 -> 160 -> 172 -> 173 -> 174 -> 175 -> 161 -> 162 -> 228 -> 198 -> 202 -> 191 -> 217,133.58867536743364,-0.98251085,27,223~168 -84~161
64,217,64 -> 65 -> 66 -> 67 -> 220 -> 93 -> 92 -> 85 -> 223 -> 123 -> 134 -> 111 -> 110 -> 109 -> 108 -> 107 -> 106 -> 105 -> 130 -> 129 -> 128 -> 227 -> 166 -> 150 -> 151 -> 152 -> 153 -> 167 -> 168 -> 162 -> 228 -> 198 -> 202 -> 191 -> 217,128.8382670040062,64 -> 65 -> 66 -> 67 -> 220 -> 93 -> 92 -> 85 -> 84 -> 222 -> 114 -> 137 -> 138 -> 139 -> 140 -> 141 -> 142 -> 143 -> 116 -> 226 -> 160 -> 172 -> 173 -> 174 -> 175 -> 161 -> 162 -> 228 -> 198 -> 202 -> 191 -> 217,129.82077785424602,-0.98251085,27,223~168 -84~161
65,217,65 -> 66 -> 67 -> 220 -> 93 -> 92 -> 85 -> 223 -> 123 -> 134 -> 111 -> 110 -> 109 -> 108 -> 107 -> 106 -> 105 -> 130 -> 129 -> 128 -> 227 -> 166 -> 150 -> 151 -> 152 -> 153 -> 167 -> 168 -> 162 -> 228 -> 198 -> 202 -> 191 -> 217,125.01271229857394,65 -> 66 -> 67 -> 220 -> 93 -> 92 -> 85 -> 84 -> 222 -> 114 -> 137 -> 138 -> 139 -> 140 -> 141 -> 142 -> 143 -> 116 -> 226 -> 160 -> 172 -> 173 -> 174 -> 175 -> 161 -> 162 -> 228 -> 198 -> 202 -> 191 -> 217,125.99522314881374,-0.98251085,27,223~168 -84~161
66,217,66 -> 67 -> 220 -> 93 -> 92 -> 85 -> 223 -> 123 -> 134 -> 111 -> 110 -> 109 -> 108 -> 107 -> 106 -> 105 -> 130 -> 129 -> 128 -> 227 -> 166 -> 150 -> 151 -> 152 -> 153 -> 167 -> 168 -> 162 -> 228 -> 198 -> 202 -> 191 -> 217,121.17688567793724,66 -> 67 -> 220 -> 93 -> 92 -> 85 -> 84 -> 222 -> 114 -> 137 -> 138 -> 139 -> 140 -> 141 -> 142 -> 143 -> 116 -> 226 -> 160 -> 172 -> 173 -> 174 -> 175 -> 161 -> 162 -> 228 -> 198 -> 202 -> 191 -> 217,122.1593965,-0.98251085,27,223~168 -84~161
67,217,67 -> 220 -> 93 -> 92 -> 85 -> 223 -> 123 -> 134 -> 111 -> 110 -> 109 -> 108 -> 107 -> 106 -> 105 -> 130 -> 129 -> 128 -> 227 -> 166 -> 150 -> 151 -> 152 -> 153 -> 167 -> 168 -> 162 -> 228 -> 198 -> 202 -> 191 -> 217,117.46438196543352,67 -> 220 -> 93 -> 92 -> 85 -> 84 -> 222 -> 114 -> 137 -> 138 -> 139 -> 140 -> 141 -> 142 -> 143 -> 116 -> 226 -> 160 -> 172 -> 173 -> 174 -> 175 -> 161 -> 162 -> 228 -> 198 -> 202 -> 191 -> 217,118.44689281567328,-0.98251085,27,223~168 -84~161
68,217,68 -> 67 -> 220 -> 93 -> 92 -> 85 -> 223 -> 123 -> 134 -> 111 -> 110 -> 109 -> 108 -> 107 -> 106 -> 105 -> 130 -> 129 -> 128 -> 227 -> 166 -> 150 -> 151 -> 152 -> 153 -> 167 -> 168 -> 162 -> 228 -> 198 -> 202 -> 191 -> 217,121.17688567793724,68 -> 67 -> 220 -> 93 -> 92 -> 85 -> 84 -> 222 -> 114 -> 137 -> 138 -> 139 -> 140 -> 141 -> 142 -> 143 -> 116 -> 226 -> 160 -> 172 -> 173 -> 174 -> 175 -> 161 -> 162 -> 228 -> 198 -> 202 -> 191 -> 217,122.1593965,-0.98251085,27,223~168 -84~161
69,217,69 -> 68 -> 67 -> 220 -> 93 -> 92 -> 85 -> 223 -> 123 -> 134 -> 111 -> 110 -> 109 -> 108 -> 107 -> 106 -> 105 -> 130 -> 129 -> 128 -> 227 -> 166 -> 150 -> 151 -> 152 -> 153 -> 167 -> 168 -> 162 -> 228 -> 198 -> 202 -> 191 -> 217,124.91380645521673,69 -> 68 -> 67 -> 220 -> 93 -> 92 -> 85 -> 84 -> 222 -> 114 -> 137 -> 138 -> 139 -> 140 -> 141 -> 142 -> 143 -> 116 -> 226 -> 160 -> 172 -> 173 -> 174 -> 175 -> 161 -> 162 -> 228 -> 198 -> 202 -> 191 -> 217,125.89631730545652,-0.98251085,27,223~168 -84~161
70,217,70 -> 69 -> 68 -> 67 -> 220 -> 93 -> 92 -> 85 -> 223 -> 123 -> 134 -> 111 -> 110 -> 109 -> 108 -> 107 -> 106 -> 105 -> 130 -> 129 -> 128 -> 227 -> 166 -> 150 -> 151 -> 152 -> 153 -> 167 -> 168 -> 162 -> 228 -> 198 -> 202 -> 191 -> 217,128.64933129645692,70 -> 69 -> 68 -> 67 -> 220 -> 93 -> 92 -> 85 -> 84 -> 222 -> 114 -> 137 -> 138 -> 139 -> 140 -> 141 -> 142 -> 143 -> 116 -> 226 -> 160 -> 172 -> 173 -> 174 -> 175 -> 161 -> 162 -> 228 -> 198 -> 202 -> 191 -> 217,129.6318421466967,-0.98251085,27,223~168 -84~161
71,217,71 -> 70 -> 69 -> 68 -> 67 -> 220 -> 93 -> 92 -> 85 -> 223 -> 123 -> 134 -> 111 -> 110 -> 109 -> 108 -> 107 -> 106 -> 105 -> 130 -> 129 -> 128 -> 227 -> 166 -> 150 -> 151 -> 152 -> 153 -> 167 -> 168 -> 162 -> 228 -> 198 -> 202 -> 191 -> 217,132.39605291504063,71 -> 70 -> 69 -> 68 -> 67 -> 220 -> 93 -> 92 -> 85 -> 84 -> 222 -> 114 -> 137 -> 138 -> 139 -> 140 -> 141 -> 142 -> 143 -> 116 -> 226 -> 160 -> 172 -> 173 -> 174 -> 175 -> 161 -> 162 -> 228 -> 198 -> 202 -> 191 -> 217,133.37856376528043,-0.98251085,27,223~168 -84~161
72,217,72 -> 71 -> 70 -> 69 -> 68 -> 67 -> 220 -> 93 -> 92 -> 85 -> 223 -> 123 -> 134 -> 111 -> 110 -> 109 -> 108 -> 107 -> 106 -> 105 -> 130 -> 129 -> 128 -> 227 -> 166 -> 150 -> 151 -> 152 -> 153 -> 167 -> 168 -> 162 -> 228 -> 198 -> 202 -> 191 -> 217,136.13576869664124,72 -> 71 -> 70 -> 69 -> 68 -> 67 -> 220 -> 93 -> 92 -> 85 -> 84 -> 222 -> 114 -> 137 -> 138 -> 139 -> 140 -> 141 -> 142 -> 143 -> 116 -> 226 -> 160 -> 172 -> 173 -> 174 -> 175 -> 161 -> 162 -> 228 -> 198 -> 202 -> 191 -> 217,137.1182795,-0.98251085,27,223~168 -84~161
73,217,73 -> 72 -> 71 -> 70 -> 69 -> 68 -> 67 -> 220 -> 93 -> 92 -> 85 -> 223 -> 123 -> 134 -> 111 -> 110 -> 109 -> 108 -> 107 -> 106 -> 105 -> 130 -> 129 -> 128 -> 227 -> 166 -> 150 -> 151 -> 152 -> 153 -> 167 -> 168 -> 162 -> 228 -> 198 -> 202 -> 191 -> 217,139.9222132252289,73 -> 72 -> 71 -> 70 -> 69 -> 68 -> 67 -> 220 -> 93 -> 92 -> 85 -> 84 -> 222 -> 114 -> 137 -> 138 -> 139 -> 140 -> 141 -> 142 -> 143 -> 116 -> 226 -> 160 -> 172 -> 173 -> 174 -> 175 -> 161 -> 162 -> 228 -> 198 -> 202 -> 191 -> 217,140.90472407546866,-0.98251085,27,223~168 -84~161
74,217,74 -> 73 -> 72 -> 71 -> 70 -> 69 -> 68 -> 67 -> 220 -> 93 -> 92 -> 85 -> 223 -> 123 -> 134 -> 111 -> 110 -> 109 -> 108 -> 107 -> 106 -> 105 -> 130 -> 129 -> 128 -> 227 -> 166 -> 150 -> 151 -> 152 -> 153 -> 167 -> 168 -> 162 -> 228 -> 198 -> 202 -> 191 -> 217,143.74630500343156,74 -> 73 -> 72 -> 71 -> 70 -> 69 -> 68 -> 67 -> 220 -> 93 -> 92 -> 85 -> 84 -> 222 -> 114 -> 137 -> 138 -> 139 -> 140 -> 141 -> 142 -> 143 -> 116 -> 226 -> 160 -> 172 -> 173 -> 174 -> 175 -> 161 -> 162 -> 228 -> 198 -> 202 -> 191 -> 217,144.72881585367134,-0.98251085,27,223~168 -84~161
75,217,75 -> 74 -> 73 -> 72 -> 71 -> 70 -> 69 -> 68 -> 67 -> 220 -> 93 -> 92 -> 85 -> 223 -> 123 -> 134 -> 111 -> 110 -> 109 -> 108 -> 107 -> 106 -> 105 -> 130 -> 129 -> 128 -> 227 -> 166 -> 150 -> 151 -> 152 -> 153 -> 167 -> 168 -> 162 -> 228 -> 198 -> 202 -> 191 -> 217,147.45880871593528,75 -> 74 -> 73 -> 72 -> 71 -> 70 -> 69 -> 68 -> 67 -> 220 -> 93 -> 92 -> 85 -> 84 -> 222 -> 114 -> 137 -> 138 -> 139 -> 140 -> 141 -> 142 -> 143 -> 116 -> 226 -> 160 -> 172 -> 173 -> 174 -> 175 -> 161 -> 162 -> 228 -> 198 -> 202 -> 191 -> 217,148.44131956617505,-0.98251085,27,223~168 -84~161
76,217,76 -> 75 -> 74 -> 73 -> 72 -> 71 -> 70 -> 69 -> 68 -> 67 -> 220 -> 93 -> 92 -> 85 -> 223 -> 123 -> 134 -> 111 -> 110 -> 109 -> 108 -> 107 -> 106 -> 105 -> 130 -> 129 -> 128 -> 227 -> 166 -> 150 -> 151 -> 152 -> 153 -> 167 -> 168 -> 162 -> 228 -> 198 -> 202 -> 191 -> 217,151.1859797930877,76 -> 75 -> 74 -> 73 -> 72 -> 71 -> 70 -> 69 -> 68 -> 67 -> 220 -> 93 -> 92 -> 85 -> 84 -> 222 -> 114 -> 137 -> 138 -> 139 -> 140 -> 141 -> 142 -> 143 -> 116 -> 226 -> 160 -> 172 -> 173 -> 174 -> 175 -> 161 -> 162 -> 228 -> 198 -> 202 -> 191 -> 217,152.16849064332752,-0.98251085,27,223~168 -84~161
77,217,77 -> 76 -> 75 -> 74 -> 73 -> 72 -> 71 -> 70 -> 69 -> 68 -> 67 -> 220 -> 93 -> 92 -> 85 -> 223 -> 123 -> 134 -> 111 -> 110 -> 109 -> 108 -> 107 -> 106 -> 105 -> 130 -> 129 -> 128 -> 227 -> 166 -> 150 -> 151 -> 152 -> 153 -> 167 -> 168 -> 162 -> 228 -> 198 -> 202 -> 191 -> 217,154.94396551274198,77 -> 76 -> 75 -> 74 -> 73 -> 72 -> 71 -> 70 -> 69 -> 68 -> 67 -> 220 -> 93 -> 92 -> 85 -> 84 -> 222 -> 114 -> 137 -> 138 -> 139 -> 140 -> 141 -> 142 -> 143 -> 116 -> 226 -> 160 -> 172 -> 173 -> 174 -> 175 -> 161 -> 162 -> 228 -> 198 -> 202 -> 191 -> 217,155.9264763629818,-0.98251085,27,223~168 -84~161
78,217,78 -> 77 -> 76 -> 75 -> 74 -> 73 -> 72 -> 71 -> 70 -> 69 -> 68 -> 67 -> 220 -> 93 -> 92 -> 85 -> 223 -> 123 -> 134 -> 111 -> 110 -> 109 -> 108 -> 107 -> 106 -> 105 -> 130 -> 129 -> 128 -> 227 -> 166 -> 150 -> 151 -> 152 -> 153 -> 167 -> 168 -> 162 -> 228 -> 198 -> 202 -> 191 -> 217,158.74624688156328,78 -> 77 -> 76 -> 75 -> 74 -> 73 -> 72 -> 71 -> 70 -> 69 -> 68 -> 67 -> 220 -> 93 -> 92 -> 85 -> 84 -> 222 -> 114 -> 137 -> 138 -> 139 -> 140 -> 141 -> 142 -> 143 -> 116 -> 226 -> 160 -> 172 -> 173 -> 174 -> 175 -> 161 -> 162 -> 228 -> 198 -> 202 -> 191 -> 217,159.72875773180309,-0.98251085,27,223~168 -84~161
79,217,79 -> 78 -> 77 -> 76 -> 75 -> 74 -> 73 -> 72 -> 71 -> 70 -> 69 -> 68 -> 67 -> 220 -> 93 -> 92 -> 85 -> 223 -> 123 -> 134 -> 111 -> 110 -> 109 -> 108 -> 107 -> 106 -> 105 -> 130 -> 129 -> 128 -> 227 -> 166 -> 150 -> 151 -> 152 -> 153 -> 167 -> 168 -> 162 -> 228 -> 198 -> 202 -> 191 -> 217,162.5169859,79 -> 78 -> 77 -> 76 -> 75 -> 74 -> 73 -> 72 -> 71 -> 70 -> 69 -> 68 -> 67 -> 220 -> 93 -> 92 -> 85 -> 84 -> 222 -> 114 -> 137 -> 138 -> 139 -> 140 -> 141 -> 142 -> 143 -> 116 -> 226 -> 160 -> 172 -> 173 -> 174 -> 175 -> 161 -> 162 -> 228 -> 198 -> 202 -> 191 -> 217,163.4994967966598,-0.98251085,27,223~168 -84~161
80,217,80 -> 86 -> 224 -> 126 -> 95 -> 96 -> 97 -> 98 -> 99 -> 100 -> 101 -> 102 -> 103 -> 128 -> 227 -> 166 -> 150 -> 151 -> 152 -> 153 -> 167 -> 168 -> 162 -> 228 -> 198 -> 202 -> 191 -> 217,102.43236221162033,80 -> 86 -> 224 -> 126 -> 114 -> 137 -> 138 -> 139 -> 140 -> 141 -> 142 -> 143 -> 116 -> 226 -> 160 -> 172 -> 173 -> 174 -> 175 -> 161 -> 162 -> 228 -> 198 -> 202 -> 191 -> 217,107.06800062578814,-4.635638414,,
81,217,81 -> 87 -> 86 -> 224 -> 126 -> 95 -> 96 -> 97 -> 98 -> 99 -> 100 -> 101 -> 102 -> 103 -> 128 -> 227 -> 166 -> 150 -> 151 -> 152 -> 153 -> 167 -> 168 -> 162 -> 228 -> 198 -> 202 -> 191 -> 217,106.14486592412405,81 -> 87 -> 84 -> 222 -> 114 -> 137 -> 138 -> 139 -> 140 -> 141 -> 142 -> 143 -> 116 -> 226 -> 160 -> 172 -> 173 -> 174 -> 175 -> 161 -> 162 -> 228 -> 198 -> 202 -> 191 -> 217,107.15060260209962,-1.005736678,,
82,217,82 -> 88 -> 89 -> 225 -> 134 -> 111 -> 110 -> 109 -> 108 -> 107 -> 106 -> 105 -> 130 -> 129 -> 128 -> 227 -> 166 -> 150 -> 151 -> 152 -> 153 -> 167 -> 168 -> 162 -> 228 -> 198 -> 202 -> 191 -> 217,106.25111034858048,82 -> 81 -> 87 -> 84 -> 222 -> 114 -> 137 -> 138 -> 139 -> 140 -> 141 -> 142 -> 143 -> 116 -> 226 -> 160 -> 172 -> 173 -> 174 -> 175 -> 161 -> 162 -> 228 -> 198 -> 202 -> 191 -> 217,110.95143878606011,-4.700328437,,
83,217,83 -> 89 -> 225 -> 134 -> 111 -> 110 -> 109 -> 108 -> 107 -> 106 -> 105 -> 130 -> 129 -> 128 -> 227 -> 166 -> 150 -> 151 -> 152 -> 153 -> 167 -> 168 -> 162 -> 228 -> 198 -> 202 -> 191 -> 217,102.48179259509385,83 -> 82 -> 81 -> 87 -> 84 -> 222 -> 114 -> 137 -> 138 -> 139 -> 140 -> 141 -> 142 -> 143 -> 116 -> 226 -> 160 -> 172 -> 173 -> 174 -> 175 -> 161 -> 162 -> 228 -> 198 -> 202 -> 191 -> 217,114.75806231099348,-12.27626972,,
84,217,84 -> 222 -> 114 -> 137 -> 138 -> 139 -> 140 -> 141 -> 142 -> 143 -> 116 -> 226 -> 160 -> 172 -> 173 -> 174 -> 175 -> 161 -> 162 -> 228 -> 198 -> 202 -> 191 -> 217,100.27125311386627,84 -> 222 -> 114 -> 137 -> 138 -> 139 -> 140 -> 141 -> 142 -> 143 -> 116 -> 226 -> 160 -> 172 -> 173 -> 174 -> 175 -> 161 -> 162 -> 228 -> 198 -> 202 -> 191 -> 217,99.59785311386626,0,,
85,217,85 -> 223 -> 123 -> 134 -> 111 -> 110 -> 109 -> 108 -> 107 -> 106 -> 105 -> 130 -> 129 -> 128 -> 227 -> 166 -> 150 -> 151 -> 152 -> 153 -> 167 -> 168 -> 162 -> 228 -> 198 -> 202 -> 191 -> 217,102.45558803935614,85 -> 84 -> 222 -> 114 -> 137 -> 138 -> 139 -> 140 -> 141 -> 142 -> 143 -> 116 -> 226 -> 160 -> 172 -> 173 -> 174 -> 175 -> 161 -> 162 -> 228 -> 198 -> 202 -> 191 -> 217,103.4380988895959,-0.98251085,,
86,217,86 -> 224 -> 126 -> 95 -> 96 -> 97 -> 98 -> 99 -> 100 -> 101 -> 102 -> 103 -> 128 -> 227 -> 166 -> 150 -> 151 -> 152 -> 153 -> 167 -> 168 -> 162 -> 228 -> 198 -> 202 -> 191 -> 217,98.6828309,86 -> 224 -> 126 -> 114 -> 137 -> 138 -> 139 -> 140 -> 141 -> 142 -> 143 -> 116 -> 226 -> 160 -> 172 -> 173 -> 174 -> 175 -> 161 -> 162 -> 228 -> 198 -> 202 -> 191 -> 217,103.31846931720169,-4.635638414,,
87,217,87 -> 86 -> 224 -> 126 -> 95 -> 96 -> 97 -> 98 -> 99 -> 100 -> 101 -> 102 -> 103 -> 128 -> 227 -> 166 -> 150 -> 151 -> 152 -> 153 -> 167 -> 168 -> 162 -> 228 -> 198 -> 202 -> 191 -> 217,102.43236221162033,87 -> 84 -> 222 -> 114 -> 137 -> 138 -> 139 -> 140 -> 141 -> 142 -> 143 -> 116 -> 226 -> 160 -> 172 -> 173 -> 174 -> 175 -> 161 -> 162 -> 228 -> 198 -> 202 -> 191 -> 217,103.4380988895959,-1.005736678,,
88,217,88 -> 89 -> 225 -> 134 -> 111 -> 110 -> 109 -> 108 -> 107 -> 106 -> 105 -> 130 -> 129 -> 128 -> 227 -> 166 -> 150 -> 151 -> 152 -> 153 -> 167 -> 168 -> 162 -> 228 -> 198 -> 202 -> 191 -> 217,102.48179259509385,88 -> 85 -> 84 -> 222 -> 114 -> 137 -> 138 -> 139 -> 140 -> 141 -> 142 -> 143 -> 116 -> 226 -> 160 -> 172 -> 173 -> 174 -> 175 -> 161 -> 162 -> 228 -> 198 -> 202 -> 191 -> 217,107.23749098686035,-4.755698392,,
89,217,89 -> 225 -> 134 -> 111 -> 110 -> 109 -> 108 -> 107 -> 106 -> 105 -> 130 -> 129 -> 128 -> 227 -> 166 -> 150 -> 151 -> 152 -> 153 -> 167 -> 168 -> 162 -> 228 -> 198 -> 202 -> 191 -> 217,98.66208289,89 -> 88 -> 85 -> 84 -> 222 -> 114 -> 137 -> 138 -> 139 -> 140 -> 141 -> 142 -> 143 -> 116 -> 226 -> 160 -> 172 -> 173 -> 174 -> 175 -> 161 -> 162 -> 228 -> 198 -> 202 -> 191 -> 217,111.00680874034698,-12.34472585,20,225~168 - 88~161
90,217,90 -> 91 -> 84 -> 222 -> 114 -> 137 -> 138 -> 139 -> 140 -> 141 -> 142 -> 143 -> 116 -> 226 -> 160 -> 172 -> 173 -> 174 -> 175 -> 161 -> 162 -> 228 -> 198 -> 202 -> 191 -> 217,107.8540138596558,90 -> 91 -> 84 -> 222 -> 114 -> 137 -> 138 -> 139 -> 140 -> 141 -> 142 -> 143 -> 116 -> 226 -> 160 -> 172 -> 173 -> 174 -> 175 -> 161 -> 162 -> 228 -> 198 -> 202 -> 191 -> 217,107.1806138596558,0,,
91,217,91 -> 84 -> 222 -> 114 -> 137 -> 138 -> 139 -> 140 -> 141 -> 142 -> 143 -> 116 -> 226 -> 160 -> 172 -> 173 -> 174 -> 175 -> 161 -> 162 -> 228 -> 198 -> 202 -> 191 -> 217,104.11149888959591,91 -> 84 -> 222 -> 114 -> 137 -> 138 -> 139 -> 140 -> 141 -> 142 -> 143 -> 116 -> 226 -> 160 -> 172 -> 173 -> 174 -> 175 -> 161 -> 162 -> 228 -> 198 -> 202 -> 191 -> 217,103.4380988895959,0,,
92,217,92 -> 85 -> 223 -> 123 -> 134 -> 111 -> 110 -> 109 -> 108 -> 107 -> 106 -> 105 -> 130 -> 129 -> 128 -> 227 -> 166 -> 150 -> 151 -> 152 -> 153 -> 167 -> 168 -> 162 -> 228 -> 198 -> 202 -> 191 -> 217,106.25498013662059,92 -> 85 -> 84 -> 222 -> 114 -> 137 -> 138 -> 139 -> 140 -> 141 -> 142 -> 143 -> 116 -> 226 -> 160 -> 172 -> 173 -> 174 -> 175 -> 161 -> 162 -> 228 -> 198 -> 202 -> 191 -> 217,107.23749098686035,-0.98251085,,
93,217,93 -> 92 -> 85 -> 223 -> 123 -> 134 -> 111 -> 110 -> 109 -> 108 -> 107 -> 106 -> 105 -> 130 -> 129 -> 128 -> 227 -> 166 -> 150 -> 151 -> 152 -> 153 -> 167 -> 168 -> 162 -> 228 -> 198 -> 202 -> 191 -> 217,109.99749510668047,93 -> 92 -> 85 -> 84 -> 222 -> 114 -> 137 -> 138 -> 139 -> 140 -> 141 -> 142 -> 143 -> 116 -> 226 -> 160 -> 172 -> 173 -> 174 -> 175 -> 161 -> 162 -> 228 -> 198 -> 202 -> 191 -> 217,110.98000595692024,-0.98251085,,
94,217,94 -> 95 -> 96 -> 97 -> 98 -> 99 -> 100 -> 101 -> 102 -> 103 -> 128 -> 227 -> 166 -> 150 -> 151 -> 152 -> 153 -> 167 -> 168 -> 162 -> 228 -> 198 -> 202 -> 191 -> 217,91.14542081,94 -> 95 -> 96 -> 97 -> 98 -> 99 -> 100 -> 101 -> 102 -> 103 -> 128 -> 227 -> 166 -> 150 -> 151 -> 152 -> 153 -> 154 -> 168 -> 162 -> 228 -> 198 -> 202 -> 191 -> 217,90.47698921302408,0.6684315935446108,1,167-154
95,217,95 -> 96 -> 97 -> 98 -> 99 -> 100 -> 101 -> 102 -> 103 -> 128 -> 227 -> 166 -> 150 -> 151 -> 152 -> 153 -> 167 -> 168 -> 162 -> 228 -> 198 -> 202 -> 191 -> 217,87.31547059592143,95 -> 96 -> 97 -> 98 -> 99 -> 100 -> 101 -> 102 -> 103 -> 128 -> 227 -> 166 -> 150 -> 151 -> 152 -> 153 -> 154 -> 168 -> 162 -> 228 -> 198 -> 202 -> 191 -> 217,86.64703900237684,0.6684315935445824,1,167-154
96,217,96 -> 97 -> 98 -> 99 -> 100 -> 101 -> 102 -> 103 -> 128 -> 227 -> 166 -> 150 -> 151 -> 152 -> 153 -> 167 -> 168 -> 162 -> 228 -> 198 -> 202 -> 191 -> 217,83.50739748,96 -> 97 -> 98 -> 99 -> 100 -> 101 -> 102 -> 103 -> 128 -> 227 -> 166 -> 150 -> 151 -> 152 -> 153 -> 154 -> 168 -> 162 -> 228 -> 198 -> 202 -> 191 -> 217,82.83896588737302,0.6684315935445824,1,167-154
97,217,97 -> 98 -> 99 -> 100 -> 101 -> 102 -> 103 -> 128 -> 227 -> 166 -> 150 -> 151 -> 152 -> 153 -> 167 -> 168 -> 162 -> 228 -> 198 -> 202 -> 191 -> 217,79.72381821493198,97 -> 98 -> 99 -> 100 -> 101 -> 102 -> 103 -> 128 -> 227 -> 166 -> 150 -> 151 -> 152 -> 153 -> 154 -> 168 -> 162 -> 228 -> 198 -> 202 -> 191 -> 217,79.05538662138737,0.6684315935446108,1,167-154
98,217,98 -> 99 -> 100 -> 101 -> 102 -> 103 -> 128 -> 227 -> 166 -> 150 -> 151 -> 152 -> 153 -> 167 -> 168 -> 162 -> 228 -> 198 -> 202 -> 191 -> 217,75.99803580062499,98 -> 99 -> 100 -> 101 -> 102 -> 103 -> 128 -> 227 -> 166 -> 150 -> 151 -> 152 -> 153 -> 154 -> 168 -> 162 -> 228 -> 198 -> 202 -> 191 -> 217,75.32960420708038,0.6684315935446108,1,167-154
99,217,99 -> 100 -> 101 -> 102 -> 103 -> 128 -> 227 -> 166 -> 150 -> 151 -> 152 -> 153 -> 167 -> 168 -> 162 -> 228 -> 198 -> 202 -> 191 -> 217,72.26947502508435,99 -> 100 -> 101 -> 102 -> 103 -> 128 -> 227 -> 166 -> 150 -> 151 -> 152 -> 153 -> 154 -> 168 -> 162 -> 228 -> 198 -> 202 -> 191 -> 217,71.60104343153974,0.6684315935446108,1,167-154
100,217,100 -> 101 -> 102 -> 103 -> 128 -> 227 -> 166 -> 150 -> 151 -> 152 -> 153 -> 167 -> 168 -> 162 -> 228 -> 198 -> 202 -> 191 -> 217,68.50015727159771,100 -> 101 -> 102 -> 103 -> 128 -> 227 -> 166 -> 150 -> 151 -> 152 -> 153 -> 154 -> 168 -> 162 -> 228 -> 198 -> 202 -> 191 -> 217,67.83172567805312,0.6684315935445966,1,167-154
101,217,101 -> 102 -> 103 -> 128 -> 227 -> 166 -> 150 -> 151 -> 152 -> 153 -> 167 -> 168 -> 162 -> 228 -> 198 -> 202 -> 191 -> 217,64.77298619444528,101 -> 102 -> 103 -> 128 -> 227 -> 166 -> 150 -> 151 -> 152 -> 153 -> 154 -> 168 -> 162 -> 228 -> 198 -> 202 -> 191 -> 217,64.10455460090067,0.6684315935446108,1,167-154
102,217,102 -> 103 -> 128 -> 227 -> 166 -> 150 -> 151 -> 152 -> 153 -> 167 -> 168 -> 162 -> 228 -> 198 -> 202 -> 191 -> 217,60.98940692845965,102 -> 103 -> 128 -> 227 -> 166 -> 150 -> 151 -> 152 -> 153 -> 154 -> 168 -> 162 -> 228 -> 198 -> 202 -> 191 -> 217,60.32097533491504,0.6684315935446108,1,167-154
103,217,103 -> 128 -> 227 -> 166 -> 150 -> 151 -> 152 -> 153 -> 167 -> 168 -> 162 -> 228 -> 198 -> 202 -> 191 -> 217,57.23424357885394,103 -> 128 -> 227 -> 166 -> 150 -> 151 -> 152 -> 153 -> 154 -> 168 -> 162 -> 228 -> 198 -> 202 -> 191 -> 217,56.56581198530934,0.6684315935446037,1,167-154
104,217,104 -> 103 -> 128 -> 227 -> 166 -> 150 -> 151 -> 152 -> 153 -> 167 -> 168 -> 162 -> 228 -> 198 -> 202 -> 191 -> 217,60.98940692845965,104 -> 103 -> 128 -> 227 -> 166 -> 150 -> 151 -> 152 -> 153 -> 154 -> 168 -> 162 -> 228 -> 198 -> 202 -> 191 -> 217,60.32097533491504,0.6684315935446108,1,167-154
105,217,105 -> 130 -> 129 -> 128 -> 227 -> 166 -> 150 -> 151 -> 152 -> 153 -> 167 -> 168 -> 162 -> 228 -> 198 -> 202 -> 191 -> 217,64.72634242460202,105 -> 104 -> 103 -> 128 -> 227 -> 166 -> 150 -> 151 -> 152 -> 153 -> 154 -> 168 -> 162 -> 228 -> 198 -> 202 -> 191 -> 217,64.11604174857729,0.6103006760247354,3,
106,217,106 -> 105 -> 130 -> 129 -> 128 -> 227 -> 166 -> 150 -> 151 -> 152 -> 153 -> 167 -> 168 -> 162 -> 228 -> 198 -> 202 -> 191 -> 217,68.56511401769224,106 -> 105 -> 104 -> 103 -> 128 -> 227 -> 166 -> 150 -> 151 -> 152 -> 153 -> 154 -> 168 -> 162 -> 228 -> 198 -> 202 -> 191 -> 217,67.95481334,0.6103006760247354,3,
107,217,107 -> 106 -> 105 -> 130 -> 129 -> 128 -> 227 -> 166 -> 150 -> 151 -> 152 -> 153 -> 167 -> 168 -> 162 -> 228 -> 198 -> 202 -> 191 -> 217,72.29785011325029,107 -> 106 -> 105 -> 104 -> 103 -> 128 -> 227 -> 166 -> 150 -> 151 -> 152 -> 153 -> 154 -> 168 -> 162 -> 228 -> 198 -> 202 -> 191 -> 217,71.68754943722556,0.6103006760247354,3,
108,217,108 -> 107 -> 106 -> 105 -> 130 -> 129 -> 128 -> 227 -> 166 -> 150 -> 151 -> 152 -> 153 -> 167 -> 168 -> 162 -> 228 -> 198 -> 202 -> 191 -> 217,76.01035382575401,108 -> 107 -> 106 -> 105 -> 104 -> 103 -> 128 -> 227 -> 166 -> 150 -> 151 -> 152 -> 153 -> 154 -> 168 -> 162 -> 228 -> 198 -> 202 -> 191 -> 217,75.40005314972926,0.6103006760247496,3,
109,217,109 -> 108 -> 107 -> 106 -> 105 -> 130 -> 129 -> 128 -> 227 -> 166 -> 150 -> 151 -> 152 -> 153 -> 167 -> 168 -> 162 -> 228 -> 198 -> 202 -> 191 -> 217,79.73474861,109 -> 108 -> 107 -> 106 -> 105 -> 104 -> 103 -> 128 -> 227 -> 166 -> 150 -> 151 -> 152 -> 153 -> 154 -> 168 -> 162 -> 228 -> 198 -> 202 -> 191 -> 217,79.12444793557655,0.6103006760247496,3,
110,217,110 -> 109 -> 108 -> 107 -> 106 -> 105 -> 130 -> 129 -> 128 -> 227 -> 166 -> 150 -> 151 -> 152 -> 153 -> 167 -> 168 -> 162 -> 228 -> 198 -> 202 -> 191 -> 217,83.55008626898399,110 -> 109 -> 108 -> 107 -> 106 -> 105 -> 104 -> 103 -> 128 -> 227 -> 166 -> 150 -> 151 -> 152 -> 153 -> 154 -> 168 -> 162 -> 228 -> 198 -> 202 -> 191 -> 217,82.93978559295927,0.6103006760247212,3,
111,217,111 -> 110 -> 109 -> 108 -> 107 -> 106 -> 105 -> 130 -> 129 -> 128 -> 227 -> 166 -> 150 -> 151 -> 152 -> 153 -> 167 -> 168 -> 162 -> 228 -> 198 -> 202 -> 191 -> 217,87.29260123904388,111 -> 110 -> 109 -> 108 -> 107 -> 106 -> 105 -> 104 -> 103 -> 128 -> 227 -> 166 -> 150 -> 151 -> 152 -> 153 -> 154 -> 168 -> 162 -> 228 -> 198 -> 202 -> 191 -> 217,86.68230056301913,0.6103006760247496,3,
112,217,112 -> 111 -> 110 -> 109 -> 108 -> 107 -> 106 -> 105 -> 130 -> 129 -> 128 -> 227 -> 166 -> 150 -> 151 -> 152 -> 153 -> 167 -> 168 -> 162 -> 228 -> 198 -> 202 -> 191 -> 217,91.00510495,112 -> 111 -> 110 -> 109 -> 108 -> 107 -> 106 -> 105 -> 104 -> 103 -> 128 -> 227 -> 166 -> 150 -> 151 -> 152 -> 153 -> 154 -> 168 -> 162 -> 228 -> 198 -> 202 -> 191 -> 217,90.39480427552284,0.6103006760247496,3,
113,217,113 -> 136 -> 137 -> 138 -> 139 -> 140 -> 141 -> 142 -> 143 -> 116 -> 226 -> 160 -> 172 -> 173 -> 174 -> 175 -> 161 -> 162 -> 228 -> 198 -> 202 -> 191 -> 217,96.41410037292394,113 -> 114 -> 137 -> 138 -> 139 -> 140 -> 141 -> 142 -> 143 -> 116 -> 226 -> 160 -> 172 -> 173 -> 174 -> 175 -> 161 -> 162 -> 228 -> 198 -> 202 -> 191 -> 217,95.78105922073651,0.6330411521874311,1,136-114
114,217,114 -> 137 -> 138 -> 139 -> 140 -> 141 -> 142 -> 143 -> 116 -> 226 -> 160 -> 172 -> 173 -> 174 -> 175 -> 161 -> 162 -> 228 -> 198 -> 202 -> 191 -> 217,92.63766532760675,114 -> 137 -> 138 -> 139 -> 140 -> 141 -> 142 -> 143 -> 116 -> 226 -> 160 -> 172 -> 173 -> 174 -> 175 -> 161 -> 162 -> 228 -> 198 -> 202 -> 191 -> 217,91.96426532760675,0,,
115,217,115 -> 140 -> 141 -> 142 -> 143 -> 116 -> 226 -> 160 -> 172 -> 173 -> 174 -> 175 -> 161 -> 162 -> 228 -> 198 -> 202 -> 191 -> 217,81.43764846507571,115 -> 140 -> 141 -> 142 -> 143 -> 116 -> 226 -> 160 -> 172 -> 173 -> 174 -> 175 -> 161 -> 162 -> 228 -> 198 -> 202 -> 191 -> 217,80.76424846507571,0,,
116,217,116 -> 226 -> 160 -> 172 -> 173 -> 174 -> 175 -> 161 -> 162 -> 228 -> 198 -> 202 -> 191 -> 217,49.80492235420839,116 -> 226 -> 160 -> 172 -> 173 -> 174 -> 175 -> 161 -> 162 -> 228 -> 198 -> 202 -> 191 -> 217,49.131522354208386,0,,
117,217,117 -> 128 -> 227 -> 166 -> 150 -> 151 -> 152 -> 153 -> 167 -> 168 -> 162 -> 228 -> 198 -> 202 -> 191 -> 217,57.23424357885394,117 -> 116 -> 226 -> 160 -> 172 -> 173 -> 174 -> 175 -> 161 -> 162 -> 228 -> 198 -> 202 -> 191 -> 217,65.67411954196686,-8.439875963,10,128~168-116~162
118,217,118 -> 129 -> 128 -> 227 -> 166 -> 150 -> 151 -> 152 -> 153 -> 167 -> 168 -> 162 -> 228 -> 198 -> 202 -> 191 -> 217,60.99081758336183,118 -> 117 -> 116 -> 226 -> 160 -> 172 -> 173 -> 174 -> 175 -> 161 -> 162 -> 228 -> 198 -> 202 -> 191 -> 217,82.21671672972535,-21.22589915,,129~168 -117~161
119,217,119 -> 130 -> 129 -> 128 -> 227 -> 166 -> 150 -> 151 -> 152 -> 153 -> 167 -> 168 -> 162 -> 228 -> 198 -> 202 -> 191 -> 217,64.72634242460202,119 -> 118 -> 117 -> 116 -> 226 -> 160 -> 172 -> 173 -> 174 -> 175 -> 161 -> 162 -> 228 -> 198 -> 202 -> 191 -> 217,98.75931391748382,-34.03297149,,
120,217,120 -> 131 -> 130 -> 129 -> 128 -> 227 -> 166 -> 150 -> 151 -> 152 -> 153 -> 167 -> 168 -> 162 -> 228 -> 198 -> 202 -> 191 -> 217,68.56511401769224,120 -> 119 -> 118 -> 117 -> 116 -> 226 -> 160 -> 172 -> 173 -> 174 -> 175 -> 161 -> 162 -> 228 -> 198 -> 202 -> 191 -> 217,115.3019111052423,-46.73679709,12,131~168-119~161
121,217,121 -> 120 -> 131 -> 130 -> 129 -> 128 -> 227 -> 166 -> 150 -> 151 -> 152 -> 153 -> 167 -> 168 -> 162 -> 228 -> 198 -> 202 -> 191 -> 217,72.39066872312455,121 -> 120 -> 119 -> 118 -> 117 -> 116 -> 226 -> 160 -> 172 -> 173 -> 174 -> 175 -> 161 -> 162 -> 228 -> 198 -> 202 -> 191 -> 217,119.1274658106746,-46.73679709,12,131~168-119~161
122,217,122 -> 121 -> 120 -> 131 -> 130 -> 129 -> 128 -> 227 -> 166 -> 150 -> 151 -> 152 -> 153 -> 167 -> 168 -> 162 -> 228 -> 198 -> 202 -> 191 -> 217,76.10317243562824,122 -> 121 -> 120 -> 119 -> 118 -> 117 -> 116 -> 226 -> 160 -> 172 -> 173 -> 174 -> 175 -> 161 -> 162 -> 228 -> 198 -> 202 -> 191 -> 217,122.83996952317831,-46.73679709,12,131~168-119~161
123,217,123 -> 134 -> 111 -> 110 -> 109 -> 108 -> 107 -> 106 -> 105 -> 130 -> 129 -> 128 -> 227 -> 166 -> 150 -> 151 -> 152 -> 153 -> 167 -> 168 -> 162 -> 228 -> 198 -> 202 -> 191 -> 217,94.83799111482855,123 -> 134 -> 111 -> 110 -> 109 -> 108 -> 107 -> 106 -> 105 -> 104 -> 103 -> 128 -> 227 -> 166 -> 150 -> 151 -> 152 -> 153 -> 154 -> 168 -> 162 -> 228 -> 198 -> 202 -> 191 -> 217,94.22769044,0.6103006760247496,1,167-154
124,217,124 -> 135 -> 112 -> 111 -> 110 -> 109 -> 108 -> 107 -> 106 -> 105 -> 130 -> 129 -> 128 -> 227 -> 166 -> 150 -> 151 -> 152 -> 153 -> 167 -> 168 -> 162 -> 228 -> 198 -> 202 -> 191 -> 217,98.52683600765494,124 -> 135 -> 112 -> 111 -> 110 -> 109 -> 108 -> 107 -> 106 -> 105 -> 104 -> 103 -> 128 -> 227 -> 166 -> 150 -> 151 -> 152 -> 153 -> 154 -> 168 -> 162 -> 228 -> 198 -> 202 -> 191 -> 217,97.91653533163019,0.6103006760247496,1,167-154
125,217,125 -> 126 -> 95 -> 96 -> 97 -> 98 -> 99 -> 100 -> 101 -> 102 -> 103 -> 128 -> 227 -> 166 -> 150 -> 151 -> 152 -> 153 -> 167 -> 168 -> 162 -> 228 -> 198 -> 202 -> 191 -> 217,94.89495211515512,125 -> 113 -> 114 -> 137 -> 138 -> 139 -> 140 -> 141 -> 142 -> 143 -> 116 -> 226 -> 160 -> 172 -> 173 -> 174 -> 175 -> 161 -> 162 -> 228 -> 198 -> 202 -> 191 -> 217,99.62721306689035,-4.732260952,,
126,217,126 -> 95 -> 96 -> 97 -> 98 -> 99 -> 100 -> 101 -> 102 -> 103 -> 128 -> 227 -> 166 -> 150 -> 151 -> 152 -> 153 -> 167 -> 168 -> 162 -> 228 -> 198 -> 202 -> 191 -> 217,91.14542081,126 -> 114 -> 137 -> 138 -> 139 -> 140 -> 141 -> 142 -> 143 -> 116 -> 226 -> 160 -> 172 -> 173 -> 174 -> 175 -> 161 -> 162 -> 228 -> 198 -> 202 -> 191 -> 217,95.78105922073651,-4.635638414,,
127,217,127 -> 98 -> 99 -> 100 -> 101 -> 102 -> 103 -> 128 -> 227 -> 166 -> 150 -> 151 -> 152 -> 153 -> 167 -> 168 -> 162 -> 228 -> 198 -> 202 -> 191 -> 217,79.72381821493198,127 -> 115 -> 140 -> 141 -> 142 -> 143 -> 116 -> 226 -> 160 -> 172 -> 173 -> 174 -> 175 -> 161 -> 162 -> 228 -> 198 -> 202 -> 191 -> 217,84.49837841279789,-4.774560198,,
128,217,128 -> 227 -> 166 -> 150 -> 151 -> 152 -> 153 -> 167 -> 168 -> 162 -> 228 -> 198 -> 202 -> 191 -> 217,53.39399780312429,128 -> 227 -> 166 -> 150 -> 151 -> 152 -> 153 -> 154 -> 168 -> 162 -> 228 -> 198 -> 202 -> 191 -> 217,52.72556620957969,0.6684315935446037,1,167-154
129,217,129 -> 128 -> 227 -> 166 -> 150 -> 151 -> 152 -> 153 -> 167 -> 168 -> 162 -> 228 -> 198 -> 202 -> 191 -> 217,57.23424357885394,129 -> 128 -> 227 -> 166 -> 150 -> 151 -> 152 -> 153 -> 154 -> 168 -> 162 -> 228 -> 198 -> 202 -> 191 -> 217,56.56581198530934,0.6684315935446037,1,167-154
130,217,130 -> 129 -> 128 -> 227 -> 166 -> 150 -> 151 -> 152 -> 153 -> 167 -> 168 -> 162 -> 228 -> 198 -> 202 -> 191 -> 217,60.99081758336183,130 -> 129 -> 128 -> 227 -> 166 -> 150 -> 151 -> 152 -> 153 -> 154 -> 168 -> 162 -> 228 -> 198 -> 202 -> 191 -> 217,60.32238598981722,0.6684315935446108,1,167-154
131,217,131 -> 130 -> 129 -> 128 -> 227 -> 166 -> 150 -> 151 -> 152 -> 153 -> 167 -> 168 -> 162 -> 228 -> 198 -> 202 -> 191 -> 217,64.72634242460202,131 -> 130 -> 129 -> 128 -> 227 -> 166 -> 150 -> 151 -> 152 -> 153 -> 154 -> 168 -> 162 -> 228 -> 198 -> 202 -> 191 -> 217,64.05791083105743,0.6684315935445966,1,167-154
132,217,132 -> 131 -> 130 -> 129 -> 128 -> 227 -> 166 -> 150 -> 151 -> 152 -> 153 -> 167 -> 168 -> 162 -> 228 -> 198 -> 202 -> 191 -> 217,68.56511401769224,132 -> 131 -> 130 -> 129 -> 128 -> 227 -> 166 -> 150 -> 151 -> 152 -> 153 -> 154 -> 168 -> 162 -> 228 -> 198 -> 202 -> 191 -> 217,67.89668242414764,0.6684315935445966,1,167-154
133,217,133 -> 132 -> 131 -> 130 -> 129 -> 128 -> 227 -> 166 -> 150 -> 151 -> 152 -> 153 -> 167 -> 168 -> 162 -> 228 -> 198 -> 202 -> 191 -> 217,72.39653164221332,133 -> 132 -> 131 -> 130 -> 129 -> 128 -> 227 -> 166 -> 150 -> 151 -> 152 -> 153 -> 154 -> 168 -> 162 -> 228 -> 198 -> 202 -> 191 -> 217,71.72810004866872,0.6684315935445966,1,167-154
134,217,134 -> 111 -> 110 -> 109 -> 108 -> 107 -> 106 -> 105 -> 130 -> 129 -> 128 -> 227 -> 166 -> 150 -> 151 -> 152 -> 153 -> 167 -> 168 -> 162 -> 228 -> 198 -> 202 -> 191 -> 217,91.00510495,134 -> 111 -> 110 -> 109 -> 108 -> 107 -> 106 -> 105 -> 104 -> 103 -> 128 -> 227 -> 166 -> 150 -> 151 -> 152 -> 153 -> 154 -> 168 -> 162 -> 228 -> 198 -> 202 -> 191 -> 217,90.39480427552284,0.6103006760247496,1,167-154
135,217,135 -> 112 -> 111 -> 110 -> 109 -> 108 -> 107 -> 106 -> 105 -> 130 -> 129 -> 128 -> 227 -> 166 -> 150 -> 151 -> 152 -> 153 -> 167 -> 168 -> 162 -> 228 -> 198 -> 202 -> 191 -> 217,94.78011438907117,135 -> 112 -> 111 -> 110 -> 109 -> 108 -> 107 -> 106 -> 105 -> 104 -> 103 -> 128 -> 227 -> 166 -> 150 -> 151 -> 152 -> 153 -> 154 -> 168 -> 162 -> 228 -> 198 -> 202 -> 191 -> 217,94.16981371304645,0.6103006760247212,,
136,217,136 -> 137 -> 138 -> 139 -> 140 -> 141 -> 142 -> 143 -> 116 -> 226 -> 160 -> 172 -> 173 -> 174 -> 175 -> 161 -> 162 -> 228 -> 198 -> 202 -> 191 -> 217,92.63766532760675,136 -> 137 -> 138 -> 139 -> 140 -> 141 -> 142 -> 143 -> 116 -> 226 -> 160 -> 172 -> 173 -> 174 -> 175 -> 161 -> 162 -> 228 -> 198 -> 202 -> 191 -> 217,91.96426532760675,0,0,-
137,217,137 -> 138 -> 139 -> 140 -> 141 -> 142 -> 143 -> 116 -> 226 -> 160 -> 172 -> 173 -> 174 -> 175 -> 161 -> 162 -> 228 -> 198 -> 202 -> 191 -> 217,88.92516161510304,137 -> 138 -> 139 -> 140 -> 141 -> 142 -> 143 -> 116 -> 226 -> 160 -> 172 -> 173 -> 174 -> 175 -> 161 -> 162 -> 228 -> 198 -> 202 -> 191 -> 217,88.25176161510304,0,0,-
138,217,138 -> 139 -> 140 -> 141 -> 142 -> 143 -> 116 -> 226 -> 160 -> 172 -> 173 -> 174 -> 175 -> 161 -> 162 -> 228 -> 198 -> 202 -> 191 -> 217,85.15015217757943,138 -> 139 -> 140 -> 141 -> 142 -> 143 -> 116 -> 226 -> 160 -> 172 -> 173 -> 174 -> 175 -> 161 -> 162 -> 228 -> 198 -> 202 -> 191 -> 217,84.47675217757943,0,0,-
139,217,139 -> 140 -> 141 -> 142 -> 143 -> 116 -> 226 -> 160 -> 172 -> 173 -> 174 -> 175 -> 161 -> 162 -> 228 -> 198 -> 202 -> 191 -> 217,81.43764846507571,139 -> 140 -> 141 -> 142 -> 143 -> 116 -> 226 -> 160 -> 172 -> 173 -> 174 -> 175 -> 161 -> 162 -> 228 -> 198 -> 202 -> 191 -> 217,80.76424846507571,0,0,-
140,217,140 -> 141 -> 142 -> 143 -> 116 -> 226 -> 160 -> 172 -> 173 -> 174 -> 175 -> 161 -> 162 -> 228 -> 198 -> 202 -> 191 -> 217,77.66548701656572,140 -> 141 -> 142 -> 143 -> 116 -> 226 -> 160 -> 172 -> 173 -> 174 -> 175 -> 161 -> 162 -> 228 -> 198 -> 202 -> 191 -> 217,76.99208701656572,0,0,-
141,217,141 -> 142 -> 143 -> 116 -> 226 -> 160 -> 172 -> 173 -> 174 -> 175 -> 161 -> 162 -> 228 -> 198 -> 202 -> 191 -> 217,73.83260085328476,141 -> 142 -> 143 -> 116 -> 226 -> 160 -> 172 -> 173 -> 174 -> 175 -> 161 -> 162 -> 228 -> 198 -> 202 -> 191 -> 217,73.15920085328476,0,0,-
142,217,142 -> 143 -> 116 -> 226 -> 160 -> 172 -> 173 -> 174 -> 175 -> 161 -> 162 -> 228 -> 198 -> 202 -> 191 -> 217,70.09986475772672,142 -> 143 -> 116 -> 226 -> 160 -> 172 -> 173 -> 174 -> 175 -> 161 -> 162 -> 228 -> 198 -> 202 -> 191 -> 217,69.42646475772672,0,0,-
143,217,143 -> 116 -> 226 -> 160 -> 172 -> 173 -> 174 -> 175 -> 161 -> 162 -> 228 -> 198 -> 202 -> 191 -> 217,66.34751954196686,143 -> 116 -> 226 -> 160 -> 172 -> 173 -> 174 -> 175 -> 161 -> 162 -> 228 -> 198 -> 202 -> 191 -> 217,65.67411954196686,0,0,-
144,217,144 -> 143 -> 116 -> 226 -> 160 -> 172 -> 173 -> 174 -> 175 -> 161 -> 162 -> 228 -> 198 -> 202 -> 191 -> 217,70.09986475772672,144 -> 117 -> 116 -> 226 -> 160 -> 172 -> 173 -> 174 -> 175 -> 161 -> 162 -> 228 -> 198 -> 202 -> 191 -> 217,82.21671672972535,-12.11685197,,
145,217,145 -> 147 -> 104 -> 103 -> 128 -> 227 -> 166 -> 150 -> 151 -> 152 -> 153 -> 167 -> 168 -> 162 -> 228 -> 198 -> 202 -> 191 -> 217,68.54245906177616,145 -> 147 -> 104 -> 103 -> 128 -> 227 -> 166 -> 150 -> 151 -> 152 -> 153 -> 154 -> 168 -> 162 -> 228 -> 198 -> 202 -> 191 -> 217,67.87402746823156,0.6684315935445966,1,167-154
146,217,146 -> 147 -> 104 -> 103 -> 128 -> 227 -> 166 -> 150 -> 151 -> 152 -> 153 -> 167 -> 168 -> 162 -> 228 -> 198 -> 202 -> 191 -> 217,68.54245906177616,146 -> 147 -> 104 -> 103 -> 128 -> 227 -> 166 -> 150 -> 151 -> 152 -> 153 -> 154 -> 168 -> 162 -> 228 -> 198 -> 202 -> 191 -> 217,67.87402746823156,0.6684315935445966,1,167-154
147,217,147 -> 104 -> 103 -> 128 -> 227 -> 166 -> 150 -> 151 -> 152 -> 153 -> 167 -> 168 -> 162 -> 228 -> 198 -> 202 -> 191 -> 217,64.78447334,147 -> 104 -> 103 -> 128 -> 227 -> 166 -> 150 -> 151 -> 152 -> 153 -> 154 -> 168 -> 162 -> 228 -> 198 -> 202 -> 191 -> 217,64.11604174857729,0.6684315935446108,1,167-154
148,217,148 -> 149 -> 150 -> 151 -> 152 -> 153 -> 167 -> 168 -> 162 -> 228 -> 198 -> 202 -> 191 -> 217,49.691007967079045,148 -> 149 -> 150 -> 151 -> 152 -> 153 -> 154 -> 168 -> 162 -> 228 -> 198 -> 202 -> 191 -> 217,49.02257637353444,0.6684315935446037,1,167-154
149,217,149 -> 150 -> 151 -> 152 -> 153 -> 167 -> 168 -> 162 -> 228 -> 198 -> 202 -> 191 -> 217,45.91314623681838,149 -> 150 -> 151 -> 152 -> 153 -> 154 -> 168 -> 162 -> 228 -> 198 -> 202 -> 191 -> 217,45.24471464327377,0.6684315935446108,1,167-154
150,217,150 -> 151 -> 152 -> 153 -> 167 -> 168 -> 162 -> 228 -> 198 -> 202 -> 191 -> 217,42.09926370440037,150 -> 151 -> 152 -> 153 -> 154 -> 168 -> 162 -> 228 -> 198 -> 202 -> 191 -> 217,41.43083211085577,0.6684315935446037,1,167-154
151,217,151 -> 152 -> 153 -> 167 -> 168 -> 162 -> 228 -> 198 -> 202 -> 191 -> 217,38.31281917581272,151 -> 152 -> 153 -> 154 -> 168 -> 162 -> 228 -> 198 -> 202 -> 191 -> 217,37.644387582268116,0.6684315935446037,1,167-154
152,217,152 -> 153 -> 167 -> 168 -> 162 -> 228 -> 198 -> 202 -> 191 -> 217,34.52923991,152 -> 153 -> 154 -> 168 -> 162 -> 228 -> 198 -> 202 -> 191 -> 217,33.860808316282494,0.6684315935446037,1,167-154
153,217,153 -> 167 -> 168 -> 162 -> 228 -> 198 -> 202 -> 191 -> 217,30.78251829124336,153 -> 154 -> 168 -> 162 -> 228 -> 198 -> 202 -> 191 -> 217,30.114086697698752,0.6684315935446072,1,167-154
154,217,154 -> 168 -> 162 -> 228 -> 198 -> 202 -> 191 -> 217,27.07001457873965,154 -> 168 -> 162 -> 228 -> 198 -> 202 -> 191 -> 217,26.396614578739648,0,0,-
155,217,155 -> 156 -> 157 -> 169 -> 229 -> 202 -> 191 -> 217,27.128665409187903,155 -> 156 -> 157 -> 169 -> 229 -> 202 -> 191 -> 217,26.455265409187902,0,0,-
156,217,156 -> 157 -> 169 -> 229 -> 202 -> 191 -> 217,23.304573630985228,156 -> 157 -> 169 -> 229 -> 202 -> 191 -> 217,22.631173630985227,0,0,-
157,217,157 -> 169 -> 229 -> 202 -> 191 -> 217,19.54799962647734,157 -> 169 -> 229 -> 202 -> 191 -> 217,18.874599626477337,0,0,-
158,217,158 -> 159 -> 160 -> 172 -> 173 -> 174 -> 175 -> 161 -> 162 -> 228 -> 198 -> 202 -> 191 -> 217,49.72003346800525,158 -> 159 -> 160 -> 172 -> 173 -> 174 -> 175 -> 161 -> 162 -> 228 -> 198 -> 202 -> 191 -> 217,49.04663346800525,0,0,-
159,217,159 -> 160 -> 172 -> 173 -> 174 -> 175 -> 161 -> 162 -> 228 -> 198 -> 202 -> 191 -> 217,45.96909573357164,159 -> 160 -> 172 -> 173 -> 174 -> 175 -> 161 -> 162 -> 228 -> 198 -> 202 -> 191 -> 217,45.29569573357164,0,0,-
160,217,160 -> 172 -> 173 -> 174 -> 175 -> 161 -> 162 -> 228 -> 198 -> 202 -> 191 -> 217,42.19835666871492,160 -> 172 -> 173 -> 174 -> 175 -> 161 -> 162 -> 228 -> 198 -> 202 -> 191 -> 217,41.52495666871492,0,0,-
161,217,161 -> 162 -> 228 -> 198 -> 202 -> 191 -> 217,23.316260824985893,161 -> 162 -> 228 -> 198 -> 202 -> 191 -> 217,22.642860824985892,0,0,-
162,217,162 -> 228 -> 198 -> 202 -> 191 -> 217,19.60375711248218,162 -> 228 -> 198 -> 202 -> 191 -> 217,18.93035711248218,0,0,-
163,217,163 -> 169 -> 229 -> 202 -> 191 -> 217,19.54799962647734,163 -> 169 -> 229 -> 202 -> 191 -> 217,18.874599626477337,0,0,-
164,217,164 -> 165 -> 166 -> 150 -> 151 -> 152 -> 153 -> 167 -> 168 -> 162 -> 228 -> 198 -> 202 -> 191 -> 217,53.39399780312429,164 -> 148 -> 149 -> 150 -> 151 -> 152 -> 153 -> 154 -> 168 -> 162 -> 228 -> 198 -> 202 -> 191 -> 217,52.84666815173712,0.547329651,3,167-154 & 
165,217,165 -> 166 -> 150 -> 151 -> 152 -> 153 -> 167 -> 168 -> 162 -> 228 -> 198 -> 202 -> 191 -> 217,49.65986785540211,165 -> 149 -> 150 -> 151 -> 152 -> 153 -> 154 -> 168 -> 162 -> 228 -> 198 -> 202 -> 191 -> 217,49.02257637353444,0.6372914818676705,1,167-154
166,217,166 -> 150 -> 151 -> 152 -> 153 -> 167 -> 168 -> 162 -> 228 -> 198 -> 202 -> 191 -> 217,45.91314623681838,166 -> 150 -> 151 -> 152 -> 153 -> 154 -> 168 -> 162 -> 228 -> 198 -> 202 -> 191 -> 217,45.24471464327377,0.6684315935446108,1,167-154
167,217,167 -> 168 -> 162 -> 228 -> 198 -> 202 -> 191 -> 217,27.07001457873965,167 -> 161 -> 162 -> 228 -> 198 -> 202 -> 191 -> 217,26.423579161469828,0.6464354172698208,1,168-161
168,217,168 -> 162 -> 228 -> 198 -> 202 -> 191 -> 217,23.316260824985893,168 -> 162 -> 228 -> 198 -> 202 -> 191 -> 217,22.642860824985892,0,0,-
169,217,169 -> 229 -> 202 -> 191 -> 217,15.813869678755157,169 -> 229 -> 202 -> 191 -> 217,15.140469678755158,0,0,-
170,217,170 -> 171 -> 172 -> 173 -> 174 -> 175 -> 161 -> 162 -> 228 -> 198 -> 202 -> 191 -> 217,45.99774876597937,170 -> 171 -> 172 -> 173 -> 174 -> 175 -> 161 -> 162 -> 228 -> 198 -> 202 -> 191 -> 217,45.324348765979366,0,0,-
171,217,171 -> 172 -> 173 -> 174 -> 175 -> 161 -> 162 -> 228 -> 198 -> 202 -> 191 -> 217,42.19835666871492,171 -> 172 -> 173 -> 174 -> 175 -> 161 -> 162 -> 228 -> 198 -> 202 -> 191 -> 217,41.52495666871492,0,0,-
172,217,172 -> 173 -> 174 -> 175 -> 161 -> 162 -> 228 -> 198 -> 202 -> 191 -> 217,38.472574254407924,172 -> 173 -> 174 -> 175 -> 161 -> 162 -> 228 -> 198 -> 202 -> 191 -> 217,37.79917425440792,0,0,-
173,217,173 -> 174 -> 175 -> 161 -> 162 -> 228 -> 198 -> 202 -> 191 -> 217,34.65140497660892,173 -> 174 -> 175 -> 161 -> 162 -> 228 -> 198 -> 202 -> 191 -> 217,33.97800497660892,0,0,-
174,217,174 -> 175 -> 161 -> 162 -> 228 -> 198 -> 202 -> 191 -> 217,30.819987352087846,174 -> 175 -> 161 -> 162 -> 228 -> 198 -> 202 -> 191 -> 217,30.146587352087845,0,0,-
175,217,175 -> 161 -> 162 -> 228 -> 198 -> 202 -> 191 -> 217,27.09697916146983,175 -> 161 -> 162 -> 228 -> 198 -> 202 -> 191 -> 217,26.423579161469828,0,0,-
176,217,176 -> 162 -> 228 -> 198 -> 202 -> 191 -> 217,23.316260824985893,176 -> 162 -> 228 -> 198 -> 202 -> 191 -> 217,22.642860824985892,0,0,-
177,217,177 -> 176 -> 162 -> 228 -> 198 -> 202 -> 191 -> 217,27.109887532117913,177 -> 176 -> 162 -> 228 -> 198 -> 202 -> 191 -> 217,26.436487532117912,0,0,-
178,217,178 -> 179 -> 163 -> 169 -> 229 -> 202 -> 191 -> 217,27.112229073340377,178 -> 179 -> 163 -> 169 -> 229 -> 202 -> 191 -> 217,26.438829073340376,0,0,-
179,217,179 -> 163 -> 169 -> 229 -> 202 -> 191 -> 217,23.279342910059427,179 -> 163 -> 169 -> 229 -> 202 -> 191 -> 217,22.605942910059426,0,0,-
180,217,180 -> 182 -> 155 -> 156 -> 157 -> 169 -> 229 -> 202 -> 191 -> 217,34.76126378392941,180 -> 182 -> 155 -> 156 -> 157 -> 169 -> 229 -> 202 -> 191 -> 217,34.08786378392941,0,0,-
181,217,181 -> 182 -> 155 -> 156 -> 157 -> 169 -> 229 -> 202 -> 191 -> 217,34.76126378392941,181 -> 182 -> 155 -> 156 -> 157 -> 169 -> 229 -> 202 -> 191 -> 217,34.08786378392941,0,0,-
182,217,182 -> 155 -> 156 -> 157 -> 169 -> 229 -> 202 -> 191 -> 217,30.97481925534175,182 -> 155 -> 156 -> 157 -> 169 -> 229 -> 202 -> 191 -> 217,30.30141925534175,0,0,-
183,217,183 -> 184 -> 185 -> 186 -> 187 -> 188 -> 189 -> 190 -> 217,30.768326116072497,183 -> 184 -> 185 -> 186 -> 187 -> 188 -> 189 -> 190 -> 217,30.094926116072497,0,0,-
184,217,184 -> 185 -> 186 -> 187 -> 188 -> 189 -> 190 -> 217,27.032801274832302,184 -> 185 -> 186 -> 187 -> 188 -> 189 -> 190 -> 217,26.35940127,0,0,-
185,217,185 -> 186 -> 187 -> 188 -> 189 -> 190 -> 217,23.283269966245875,185 -> 186 -> 187 -> 188 -> 189 -> 190 -> 217,22.609869966245874,0,0,-
186,217,186 -> 187 -> 188 -> 189 -> 190 -> 217,19.502551629761946,186 -> 187 -> 188 -> 189 -> 190 -> 217,18.829151629761945,0,0,-
187,217,187 -> 188 -> 189 -> 190 -> 217,15.685757736632176,187 -> 188 -> 189 -> 190 -> 217,15.012357736632175,0,0,-
188,217,188 -> 189 -> 190 -> 217,11.946041955031575,188 -> 189 -> 190 -> 217,11.272641955031576,0,0,-
189,217,189 -> 190 -> 217,8.220259540724571,189 -> 190 -> 217,7.546859540724571,0,0,-
190,217,190 -> 217,4.5077558282208585,190 -> 217,3.834355828220859,0,0,-
191,217,191 -> 217,4.5077558282208585,191 -> 217,3.834355828220859,0,0,-
192,217,192 -> 217,4.5077558282208585,192 -> 217,3.834355828220859,0,0,-
193,217,193 -> 217,4.5077558282208585,193 -> 217,3.834355828220859,0,0,-
194,217,194 -> 193 -> 217,8.240491923778903,194 -> 193 -> 217,7.567091923778903,0,0,-
195,217,195 -> 194 -> 193 -> 217,11.96073002,195 -> 194 -> 193 -> 217,11.287330019016999,0,0,-
196,217,196 -> 195 -> 194 -> 193 -> 217,15.697650796296521,196 -> 195 -> 194 -> 193 -> 217,15.02425079629652,0,0,-
197,217,197 -> 206 -> 184 -> 185 -> 186 -> 187 -> 188 -> 189 -> 190 -> 217,34.488564211310596,197 -> 206 -> 184 -> 185 -> 186 -> 187 -> 188 -> 189 -> 190 -> 217,33.815164211310595,0,0,-
198,217,198 -> 202 -> 191 -> 217,12.086698601602716,198 -> 202 -> 191 -> 217,11.413298601602715,0,0,-
199,217,199 -> 203 -> 192 -> 217,11.969081775848224,199 -> 203 -> 192 -> 217,11.295681775848223,0,0,-
200,217,200 -> 204 -> 193 -> 217,12.039884021043342,200 -> 204 -> 193 -> 217,11.366484021043341,0,0,-
201,217,201 -> 183 -> 184 -> 185 -> 186 -> 187 -> 188 -> 189 -> 190 -> 217,34.55907668468508,201 -> 183 -> 184 -> 185 -> 186 -> 187 -> 188 -> 189 -> 190 -> 217,33.88567668468508,0,0,-
202,217,202 -> 191 -> 217,8.321638360638861,202 -> 191 -> 217,7.648238361,0,0,-
203,217,203 -> 192 -> 217,8.230764019,203 -> 192 -> 217,7.557364018838879,0,0,-
204,217,204 -> 193 -> 217,8.240491923778903,204 -> 193 -> 217,7.567091923778903,0,0,-
205,217,205 -> 194 -> 193 -> 217,11.96073002,205 -> 194 -> 193 -> 217,11.287330019016999,0,0,-
206,217,206 -> 184 -> 185 -> 186 -> 187 -> 188 -> 189 -> 190 -> 217,30.768326116072497,206 -> 184 -> 185 -> 186 -> 187 -> 188 -> 189 -> 190 -> 217,30.094926116072497,0,0,-
207,217,207 -> 208 -> 209 -> 210 -> 211 -> 212 -> 213 -> 214 -> 198 -> 202 -> 191 -> 217,42.25705311188973,207 -> 208 -> 209 -> 210 -> 211 -> 212 -> 213 -> 214 -> 198 -> 202 -> 191 -> 217,41.58365311188973,0,0,-
208,217,208 -> 209 -> 210 -> 211 -> 212 -> 213 -> 214 -> 198 -> 202 -> 191 -> 217,38.52431701633169,208 -> 209 -> 210 -> 211 -> 212 -> 213 -> 214 -> 198 -> 202 -> 191 -> 217,37.85091701633169,0,0,-
209,217,209 -> 210 -> 211 -> 212 -> 213 -> 214 -> 198 -> 202 -> 191 -> 217,34.70606577540004,209 -> 210 -> 211 -> 212 -> 213 -> 214 -> 198 -> 202 -> 191 -> 217,34.03266577540004,0,0,-
210,217,210 -> 211 -> 212 -> 213 -> 214 -> 198 -> 202 -> 191 -> 217,30.943838536874836,210 -> 211 -> 212 -> 213 -> 214 -> 198 -> 202 -> 191 -> 217,30.270438536874835,0,0,-
211,217,211 -> 212 -> 213 -> 214 -> 198 -> 202 -> 191 -> 217,27.20831369563464,211 -> 212 -> 213 -> 214 -> 198 -> 202 -> 191 -> 217,26.53491369563464,0,0,-
212,217,212 -> 213 -> 214 -> 198 -> 202 -> 191 -> 217,23.378363484987382,212 -> 213 -> 214 -> 198 -> 202 -> 191 -> 217,22.70496348498738,0,0,-
213,217,213 -> 214 -> 198 -> 202 -> 191 -> 217,19.620377765333114,213 -> 214 -> 198 -> 202 -> 191 -> 217,18.946977765333113,0,0,-
214,217,214 -> 198 -> 202 -> 191 -> 217,15.890426254702753,214 -> 198 -> 202 -> 191 -> 217,15.217026254702754,0,0,-
215,217,215 -> 199 -> 203 -> 192 -> 217,15.71720771287971,215 -> 199 -> 203 -> 192 -> 217,15.043807712879708,0,0,-
216,217,216 -> 200 -> 204 -> 193 -> 217,15.812045469553336,216 -> 200 -> 204 -> 193 -> 217,15.138645469553337,0,0,-
218,217,218 -> 90 -> 91 -> 84 -> 222 -> 114 -> 137 -> 138 -> 139 -> 140 -> 141 -> 142 -> 143 -> 116 -> 226 -> 160 -> 172 -> 173 -> 174 -> 175 -> 161 -> 162 -> 228 -> 198 -> 202 -> 191 -> 217,111.69131240148235,218 -> 90 -> 91 -> 84 -> 222 -> 114 -> 137 -> 138 -> 139 -> 140 -> 141 -> 142 -> 143 -> 116 -> 226 -> 160 -> 172 -> 173 -> 174 -> 175 -> 161 -> 162 -> 228 -> 198 -> 202 -> 191 -> 217,111.01791240148235,0,0,-
219,217,219 -> 80 -> 86 -> 224 -> 126 -> 95 -> 96 -> 97 -> 98 -> 99 -> 100 -> 101 -> 102 -> 103 -> 128 -> 227 -> 166 -> 150 -> 151 -> 152 -> 153 -> 167 -> 168 -> 162 -> 228 -> 198 -> 202 -> 191 -> 217,106.20167996510696,219 -> 80 -> 86 -> 224 -> 126 -> 114 -> 137 -> 138 -> 139 -> 140 -> 141 -> 142 -> 143 -> 116 -> 226 -> 160 -> 172 -> 173 -> 174 -> 175 -> 161 -> 162 -> 228 -> 198 -> 202 -> 191 -> 217,110.83731837927478,-4.635638414,,
220,217,220 -> 93 -> 92 -> 85 -> 223 -> 123 -> 134 -> 111 -> 110 -> 109 -> 108 -> 107 -> 106 -> 105 -> 130 -> 129 -> 128 -> 227 -> 166 -> 150 -> 151 -> 152 -> 153 -> 167 -> 168 -> 162 -> 228 -> 198 -> 202 -> 191 -> 217,113.72466618383291,220 -> 93 -> 92 -> 85 -> 84 -> 222 -> 114 -> 137 -> 138 -> 139 -> 140 -> 141 -> 142 -> 143 -> 116 -> 226 -> 160 -> 172 -> 173 -> 174 -> 175 -> 161 -> 162 -> 228 -> 198 -> 202 -> 191 -> 217,114.70717703407267,-0.98251085,,
221,217,221 -> 83 -> 89 -> 225 -> 134 -> 111 -> 110 -> 109 -> 108 -> 107 -> 106 -> 105 -> 130 -> 129 -> 128 -> 227 -> 166 -> 150 -> 151 -> 152 -> 153 -> 167 -> 168 -> 162 -> 228 -> 198 -> 202 -> 191 -> 217,106.29276820484995,221 -> 83 -> 82 -> 81 -> 87 -> 84 -> 222 -> 114 -> 137 -> 138 -> 139 -> 140 -> 141 -> 142 -> 143 -> 116 -> 226 -> 160 -> 172 -> 173 -> 174 -> 175 -> 161 -> 162 -> 228 -> 198 -> 202 -> 191 -> 217,118.56903792074958,-12.27626972,,
222,217,222 -> 114 -> 137 -> 138 -> 139 -> 140 -> 141 -> 142 -> 143 -> 116 -> 226 -> 160 -> 172 -> 173 -> 174 -> 175 -> 161 -> 162 -> 228 -> 198 -> 202 -> 191 -> 217,96.45445922073651,222 -> 114 -> 137 -> 138 -> 139 -> 140 -> 141 -> 142 -> 143 -> 116 -> 226 -> 160 -> 172 -> 173 -> 174 -> 175 -> 161 -> 162 -> 228 -> 198 -> 202 -> 191 -> 217,95.78105922073651,0,0,-
223,217,223 -> 123 -> 134 -> 111 -> 110 -> 109 -> 108 -> 107 -> 106 -> 105 -> 130 -> 129 -> 128 -> 227 -> 166 -> 150 -> 151 -> 152 -> 153 -> 167 -> 168 -> 162 -> 228 -> 198 -> 202 -> 191 -> 217,98.64751492435235,223 -> 85 -> 84 -> 222 -> 114 -> 137 -> 138 -> 139 -> 140 -> 141 -> 142 -> 143 -> 116 -> 226 -> 160 -> 172 -> 173 -> 174 -> 175 -> 161 -> 162 -> 228 -> 198 -> 202 -> 191 -> 217,107.23749098686035,-8.589976063,,
224,217,224 -> 126 -> 95 -> 96 -> 97 -> 98 -> 99 -> 100 -> 101 -> 102 -> 103 -> 128 -> 227 -> 166 -> 150 -> 151 -> 152 -> 153 -> 167 -> 168 -> 162 -> 228 -> 198 -> 202 -> 191 -> 217,94.89495211515512,224 -> 126 -> 114 -> 137 -> 138 -> 139 -> 140 -> 141 -> 142 -> 143 -> 116 -> 226 -> 160 -> 172 -> 173 -> 174 -> 175 -> 161 -> 162 -> 228 -> 198 -> 202 -> 191 -> 217,99.53059052932294,-4.635638414,,
225,217,225 -> 134 -> 111 -> 110 -> 109 -> 108 -> 107 -> 106 -> 105 -> 130 -> 129 -> 128 -> 227 -> 166 -> 150 -> 151 -> 152 -> 153 -> 167 -> 168 -> 162 -> 228 -> 198 -> 202 -> 191 -> 217,94.83799111482855,225 -> 134 -> 111 -> 110 -> 109 -> 108 -> 107 -> 106 -> 105 -> 104 -> 103 -> 128 -> 227 -> 166 -> 150 -> 151 -> 152 -> 153 -> 154 -> 168 -> 162 -> 228 -> 198 -> 202 -> 191 -> 217,94.22769044,0.6103006760247496,1,
226,217,226 -> 160 -> 172 -> 173 -> 174 -> 175 -> 161 -> 162 -> 228 -> 198 -> 202 -> 191 -> 217,45.96909573357164,226 -> 160 -> 172 -> 173 -> 174 -> 175 -> 161 -> 162 -> 228 -> 198 -> 202 -> 191 -> 217,45.29569573357164,0,0,-
227,217,227 -> 166 -> 150 -> 151 -> 152 -> 153 -> 167 -> 168 -> 162 -> 228 -> 198 -> 202 -> 191 -> 217,49.65986785540211,227 -> 166 -> 150 -> 151 -> 152 -> 153 -> 154 -> 168 -> 162 -> 228 -> 198 -> 202 -> 191 -> 217,48.99143626185751,0.6684315935446037,1,
228,217,228 -> 198 -> 202 -> 191 -> 217,15.890426254702753,228 -> 198 -> 202 -> 191 -> 217,15.217026254702754,0,0,-
229,217,229 -> 202 -> 191 -> 217,12.086698601602716,229 -> 202 -> 191 -> 217,11.413298601602715,0,0,-
234,217,234 -> 235 -> 0 -> 1 -> 2 -> 3 -> 4 -> 5 -> 6 -> 7 -> 8 -> 9 -> 10 -> 11 -> 12 -> 13 -> 14 -> 15 -> 219 -> 80 -> 86 -> 224 -> 126 -> 95 -> 96 -> 97 -> 98 -> 99 -> 100 -> 101 -> 102 -> 103 -> 128 -> 227 -> 166 -> 150 -> 151 -> 152 -> 153 -> 167 -> 168 -> 162 -> 228 -> 198 -> 202 -> 191 -> 217,174.35323402944977,234 -> 235 -> 0 -> 1 -> 2 -> 3 -> 4 -> 5 -> 6 -> 7 -> 8 -> 9 -> 10 -> 11 -> 12 -> 13 -> 14 -> 15 -> 219 -> 80 -> 86 -> 224 -> 126 -> 114 -> 137 -> 138 -> 139 -> 140 -> 141 -> 142 -> 143 -> 116 -> 226 -> 160 -> 172 -> 173 -> 174 -> 175 -> 161 -> 162 -> 228 -> 198 -> 202 -> 191 -> 217,178.98887244361762,-4.635638414,,
235,217,235 -> 0 -> 1 -> 2 -> 3 -> 4 -> 5 -> 6 -> 7 -> 8 -> 9 -> 10 -> 11 -> 12 -> 13 -> 14 -> 15 -> 219 -> 80 -> 86 -> 224 -> 126 -> 95 -> 96 -> 97 -> 98 -> 99 -> 100 -> 101 -> 102 -> 103 -> 128 -> 227 -> 166 -> 150 -> 151 -> 152 -> 153 -> 167 -> 168 -> 162 -> 228 -> 198 -> 202 -> 191 -> 217,170.60931789317124,235 -> 0 -> 1 -> 2 -> 3 -> 4 -> 5 -> 6 -> 7 -> 8 -> 9 -> 10 -> 11 -> 12 -> 13 -> 14 -> 15 -> 219 -> 80 -> 86 -> 224 -> 126 -> 114 -> 137 -> 138 -> 139 -> 140 -> 141 -> 142 -> 143 -> 116 -> 226 -> 160 -> 172 -> 173 -> 174 -> 175 -> 161 -> 162 -> 228 -> 198 -> 202 -> 191 -> 217,175.24495630733907,-4.635638414,,
