from_node,to_node,length_m
1,19,5
2,19,5
3,52,5
3,177,5
4,119,5
4,140,5
5,17,5
6,67,5
6,90,5
6,203,5
7,124,5
7,172,5
8,206,5
9,20,5
9,231,5
10,63,5
11,49,5
12,30,5
12,204,5
12,229,5
13,58,5
13,98,5
13,133,5
13,181,5
13,199,5
14,52,5
14,64,5
15,23,5
15,95,5
15,123,5
15,165,5
16,34,5
16,69,5
16,99,5
16,139,5
16,142,5
16,147,5
16,206,5
17,163,5
18,87,5
18,179,5
18,185,5
18,226,5
19,113,5
19,150,5
20,162,5
20,187,5
20,233,5
21,125,5
22,82,5
22,109,5
22,145,5
22,169,5
23,54,5
23,71,5
24,152,5
24,160,5
24,183,5
24,184,5
24,198,5
24,203,5
25,84,15
25,158,5
26,89,5
27,51,5
27,79,5
27,114,5
27,151,5
28,72,5
29,105,5
30,99,5
31,39,5
31,66,5
31,185,5
32,40,5
32,66,5
32,151,5
32,179,5
33,94,5
34,106,5
34,148,5
34,181,5
35,87,5
36,66,5
36,150,5
36,182,5
37,110,5
37,166,5
37,233,5
38,49,5
38,70,5
38,96,5
41,127,5
42,64,5
42,104,5
42,165,15
43,71,5
44,92,5
45,208,5
46,136,5
47,81,5
47,126,5
47,158,5
48,184,5
49,57,5
49,138,5
49,188,5
50,124,5
50,174,5
51,54,5
51,71,5
51,103,5
51,186,5
52,105,5
52,156,5
52,203,5
53,61,5
53,186,5
54,189,5
55,57,5
55,130,5
56,98,5
57,70,5
57,121,5
57,171,5
58,100,5
58,145,5
59,164,5
60,133,5
60,147,5
60,191,5
60,230,5
62,224,5
63,70,5
63,85,5
63,201,5
64,107,5
64,194,5
65,205,5
65,233,5
66,155,5
66,208,5
68,116,5
68,156,5
68,227,5
69,143,5
69,145,5
70,176,5
70,196,5
70,233,5
71,92,5
71,135,5
72,180,5
72,181,5
73,107,5
74,98,5
74,145,5
75,225,5
76,90,5
77,184,5
78,109,5
79,127,5
79,174,5
80,91,5
80,164,5
81,86,5
83,234,5
84,160,5
85,89,5
85,159,5
87,165,5
88,155,5
88,208,5
91,110,5
91,157,5
93,163,5
94,151,5
96,112,5
96,164,5
97,196,5
98,148,5
98,175,5
98,229,5
100,145,5
100,230,5
101,138,5
102,145,5
103,118,5
106,145,5
107,119,5
108,160,5
109,141,5
111,188,5
114,168,5
115,210,5
117,149,5
117,229,5
118,168,5
120,133,5
120,153,5
121,131,5
121,173,5
122,137,5
123,155,5
123,192,5
124,151,5
124,185,5
124,208,5
125,193,5
125,229,5
128,152,5
128,170,5
129,158,5
130,224,15
132,144,5
132,191,5
132,225,5
133,144,5
134,140,5
135,228,5
136,151,5
137,151,5
137,155,5
137,159,30
139,154,5
139,230,5
141,225,5
143,145,5
144,193,5
144,223,5
146,156,5
147,148,5
150,165,5
153,181,5
153,202,5
153,224,5
154,191,5
156,170,5
156,200,5
158,161,5
158,210,5
160,234,5
163,186,5
166,178,5
167,197,5
167,199,5
167,223,5
170,232,5
170,234,5
171,209,5
175,195,5
185,190,5
191,229,5
194,203,5
197,207,5
199,204,5
199,224,5
210,212,5
210,213,5
210,214,5
210,216,5
210,219,5
211,212,5
211,213,5
211,215,5
211,218,5
211,222,5
211,235,5
214,215,5
216,217,5
217,218,5
219,220,5
220,221,5
221,222,5
235,236,30
