node_id,floor,node_type
1,B3,area
2,B3,area
3,B2,area
4,B2,area
5,B3,area
6,B2,area
7,B3,area
8,B6,area
9,B5,area
10,B5,area
11,B5,area
12,B6,area
13,B6,area
14,B2,area
15,B3,area
16,B6,area
17,B3,area
18,B3,area
19,B3,area
20,B5,area
21,B6,area
22,B6,area
23,B3,area
24,B2,area
25,B1,area
26,B5,area
27,B3,area
28,B6,area
29,B2,area
30,B6,area
31,B3,area
32,B3,area
33,B3,area
34,B6,area
35,B3,area
36,B3,area
37,B5,area
38,B5,area
39,B3,area
40,B3,area
41,B3,area
42,B2,area
43,B3,area
44,B3,area
45,B3,area
46,B3,area
47,B1,area
48,B2,area
49,B5,area
50,B3,area
51,B3,area
52,B2,area
53,B3,area
54,B3,area
55,B5,area
56,B6,area
57,B5,area
58,B6,area
59,B5,area
60,B6,area
61,B3,area
62,B6,area
63,B5,area
64,B2,area
65,B5,area
66,B3,area
67,B2,area
68,B2,area
69,B6,area
70,B5,area
71,B3,area
72,B6,area
73,B2,stair
74,B6,area
75,B6,area
76,B2,stair
77,B2,area
78,B6,area
79,B3,area
80,B5,area
81,B1,area
82,B6,area
83,B2,area
84,B2,escalator
85,B5,area
86,B1,area
87,B3,area
88,B3,area
89,B5,area
90,B2,area
91,B5,area
92,B3,area
93,B3,area
94,B3,area
95,B3,area
96,B5,area
97,B5,area
98,B6,area
99,B6,area
100,B6,area
101,B5,area
102,B6,area
103,B3,area
104,B2,area
105,B2,area
106,B6,area
107,B2,area
108,B2,area
109,B6,area
110,B5,area
111,B5,area
112,B5,area
113,B3,area
114,B3,area
115,B1,area
116,B2,area
117,B6,area
118,B3,area
119,B2,area
120,B6,area
121,B5,area
122,B3,area
123,B3,area
124,B3,area
125,B6,area
126,B1,stair
127,B3,area
128,B2,area
129,B1,stair
130,B5,area
131,B5,area
132,B6,area
133,B6,area
134,B2,stair
135,B3,area
136,B3,area
137,B3,area
138,B5,area
139,B6,area
140,B2,area
141,B6,area
142,B6,area
143,B6,area
144,B6,area
145,B6,area
146,B2,area
147,B6,area
148,B6,area
149,B6,area
150,B3,area
151,B3,area
152,B2,area
153,B6,area
154,B6,area
155,B3,area
156,B2,area
157,B5,area
158,B1,area
159,B5,escalator
160,B2,area
161,B1,area
162,B5,area
163,B3,area
164,B5,area
165,B3,stair
166,B5,area
167,B6,area
168,B3,area
169,B6,area
170,B2,area
171,B5,area
172,B3,area
173,B5,area
174,B3,area
175,B6,area
176,B5,area
177,B2,area
178,B5,area
179,B3,area
180,B6,area
181,B6,area
182,B3,area
183,B2,area
184,B2,area
185,B3,area
186,B3,area
187,B5,area
188,B5,area
189,B3,area
190,B3,area
191,B6,area
192,B3,area
193,B6,area
194,B2,area
195,B6,area
196,B5,area
197,B6,area
198,B2,area
199,B6,area
200,B2,area
201,B5,area
202,B6,area
203,B2,area
204,B6,area
205,B5,area
206,B6,area
207,B6,area
208,B3,area
209,B5,area
210,B1,area
211,B1,area
212,B1,area
213,B1,area
214,B1,area
215,B1,area
216,B1,area
217,B1,area
218,B1,area
219,B1,area
220,B1,area
221,B1,area
222,B1,area
223,B6,area
224,B6,stair
225,B6,area
226,B3,area
227,B2,area
228,B3,area
229,B6,area
230,B6,area
231,B5,area
232,B2,area
233,B5,area
234,B2,area
235,B1,exit
236,B1,exit
