variable,setting,origin_node,baseline_s,proposed_s
temperature,-20,1,514.57,491.77
temperature,-20,2,549.57,549.96
temperature,-20,3,421.65,433.1
temperature,-20,4,464.76,462.19
temperature,-20,5,529.09,529.16
temperature,-20,6,420.94,421.76
temperature,-20,7,546.98,555.44
temperature,-20,8,787.06,779.86
temperature,-20,9,678.72,663.34
temperature,-20,10,662.61,659.5
temperature,-20,11,664.72,678.76
temperature,-20,12,793.94,790.22
temperature,-20,13,788.24,786.1
temperature,-20,14,452.65,438.95
temperature,-20,15,516.17,494.52
temperature,-20,16,774.65,779.98
temperature,-20,17,557.39,556.27
temperature,-20,18,501.87,487.6
temperature,-20,19,532.87,533.88
temperature,-20,20,676.02,675.84
temperature,-20,21,775.06,766.56
temperature,-20,22,790.35,775.86
temperature,-20,23,544.87,516.19
temperature,-20,24,440.54,453.17
temperature,-20,25,288.02,282.81
temperature,-20,26,647.61,642.02
temperature,-20,27,539.98,526.83
temperature,-20,28,768.65,780.7
temperature,-20,29,418.35,402.99
temperature,-20,30,788.65,788.12
temperature,-20,31,520.28,521.49
temperature,-20,32,536.28,525.76
temperature,-20,33,547.39,540.65
temperature,-20,34,757.94,756.98
temperature,-20,35,506.87,489.46
temperature,-20,36,534.87,528.53
temperature,-20,37,667.02,660.86
temperature,-20,38,675.31,671.15
temperature,-20,39,540.98,507.84
temperature,-20,40,549.98,535.68
temperature,-20,41,544.09,545.81
temperature,-20,42,446.35,447.22
temperature,-20,43,517.28,540.58
temperature,-20,44,554.98,545.98
temperature,-20,45,514.98,487.42
temperature,-20,46,552.39,543.11
temperature,-20,47,293.02,263.34
temperature,-20,48,426.94,401.5
temperature,-20,49,647.02,653.63
temperature,-20,50,541.98,528.12
temperature,-20,51,523.28,538.7
temperature,-20,52,401.94,394.55
temperature,-20,53,540.69,539.22
temperature,-20,54,542.57,529.51
temperature,-20,55,672.02,662.55
temperature,-20,56,801.65,783.68
temperature,-20,57,682.31,657.64
temperature,-20,58,766.94,777.34
temperature,-20,59,655.43,651.79
temperature,-20,60,792.65,784.54
temperature,-20,61,530.39,508.26
temperature,-20,62,788.54,796.89
temperature,-20,63,638.91,644.81
temperature,-20,64,413.65,408.73
temperature,-20,65,653.02,639.05
temperature,-20,66,547.57,553.83
temperature,-20,67,441.65,437.67
temperature,-20,68,434.65,428.84
temperature,-20,69,758.35,766.83
temperature,-20,70,652.61,658.82
temperature,-20,71,502.57,485.13
temperature,-20,72,780.94,776.34
temperature,-20,73,418.06,406.12
temperature,-20,74,784.65,780.92
temperature,-20,75,770.76,767.56
temperature,-20,76,413.35,434.71
temperature,-20,77,410.94,390.67
temperature,-20,78,809.76,805.38
temperature,-20,79,520.69,512.08
temperature,-20,80,666.43,672.76
temperature,-20,81,284.72,278.85
temperature,-20,82,776.06,774.51
temperature,-20,83,414.24,389.75
temperature,-20,84,420.13,400.62
temperature,-20,85,643.2,653.12
temperature,-20,86,328.43,318.96
temperature,-20,87,524.17,530
temperature,-20,88,536.28,525.98
temperature,-20,89,634.91,643.42
temperature,-20,90,444.65,440.1
temperature,-20,91,659.43,660.41
temperature,-20,92,526.28,549.32
temperature,-20,93,552.39,553.63
temperature,-20,94,554.69,538.02
temperature,-20,95,504.87,509.91
temperature,-20,96,649.02,626.05
temperature,-20,97,653.02,650.47
temperature,-20,98,764.94,764.23
temperature,-20,99,801.35,831.51
temperature,-20,100,762.65,773.03
temperature,-20,101,693.43,688.27
temperature,-20,102,780.35,753.85
temperature,-20,103,534.98,516.74
temperature,-20,104,420.06,409.38
temperature,-20,105,404.65,419.86
temperature,-20,106,796.65,784.83
temperature,-20,107,416.35,418.24
temperature,-20,108,397.54,382.53
temperature,-20,109,778.06,781.62
temperature,-20,110,697.72,682.7
temperature,-20,111,688.43,696.04
temperature,-20,112,648.72,658.14
temperature,-20,113,504.57,511.42
temperature,-20,114,543.69,537.89
temperature,-20,115,296.31,304.02
temperature,-20,116,412.35,401.91
temperature,-20,117,784.35,762.51
temperature,-20,118,517.69,512.14
temperature,-20,119,416.06,412.92
temperature,-20,120,754.24,734.24
temperature,-20,121,680.02,679.82
temperature,-20,122,524.98,515.7
temperature,-20,123,535.87,535.15
temperature,-20,124,507.28,496.54
temperature,-20,125,771.35,783.58
temperature,-20,126,301.72,290.49
temperature,-20,127,565.39,542.96
temperature,-20,128,411.94,411.19
temperature,-20,129,297.02,303.06
temperature,-20,130,694.72,679.44
temperature,-20,131,665.72,681.35
temperature,-20,132,773.35,764.58
temperature,-20,133,796.94,798.01
temperature,-20,134,423.17,425.43
temperature,-20,135,515.28,507.63
temperature,-20,136,546.69,533.08
temperature,-20,137,510.28,491.63
temperature,-20,138,678.72,658.04
temperature,-20,139,762.35,768.48
temperature,-20,140,461.46,469.03
temperature,-20,141,788.76,803.26
temperature,-20,142,775.35,766.14
temperature,-20,143,769.35,757.02
temperature,-20,144,802.65,800.91
temperature,-20,145,760.65,769.01
temperature,-20,146,445.65,435.2
temperature,-20,147,786.35,786.7
temperature,-20,148,790.65,793.69
temperature,-20,149,781.06,780.95
temperature,-20,150,507.17,500.89
temperature,-20,151,542.98,526.52
temperature,-20,152,434.24,419.04
temperature,-20,153,774.54,744.42
temperature,-20,154,796.06,815.65
temperature,-20,155,503.57,502.14
temperature,-20,156,441.94,437.52
temperature,-20,157,666.13,662.17
temperature,-20,158,277.31,280.59
temperature,-20,159,669.5,669.65
temperature,-20,160,419.83,428.11
temperature,-20,161,321.02,338.21
temperature,-20,162,689.72,695.61
temperature,-20,163,514.69,507.56
temperature,-20,164,672.72,689.27
temperature,-20,165,503.46,491.08
temperature,-20,166,683.72,668.01
temperature,-20,167,776.24,766.21
temperature,-20,168,549.39,564.17
temperature,-20,169,807.06,811.67
temperature,-20,170,445.24,451.08
temperature,-20,171,686.02,673.37
temperature,-20,172,520.69,515.38
temperature,-20,173,651.72,628.14
temperature,-20,174,520.69,501.02
temperature,-20,175,800.65,805.36
temperature,-20,176,683.31,676.33
temperature,-20,177,426.35,446.63
temperature,-20,178,669.43,674.83
temperature,-20,179,536.57,549.46
temperature,-20,180,759.65,763.37
temperature,-20,181,780.24,768.14
temperature,-20,182,503.57,484.82
temperature,-20,183,443.24,441.99
temperature,-20,184,445.24,435.99
temperature,-20,185,537.57,540.92
temperature,-20,186,532.98,540.45
temperature,-20,187,654.72,651.14
temperature,-20,188,679.72,666.14
temperature,-20,189,551.28,556.42
temperature,-20,190,531.28,501.73
temperature,-20,191,798.35,802.3
temperature,-20,192,502.57,491.91
temperature,-20,193,806.35,816.22
temperature,-20,194,428.94,430.37
temperature,-20,195,760.35,753.32
temperature,-20,196,678.31,682.75
temperature,-20,197,772.94,783.82
temperature,-20,198,423.24,427.6
temperature,-20,199,744.54,760.07
temperature,-20,200,422.65,445.41
temperature,-20,201,673.61,661.02
temperature,-20,202,791.24,787.23
temperature,-20,203,445.24,451.06
temperature,-20,204,756.24,748.88
temperature,-20,205,680.72,662.8
temperature,-20,206,770.35,775.37
temperature,-20,207,802.65,793.62
temperature,-20,208,548.28,549.42
temperature,-20,209,661.72,659.18
temperature,-20,210,279.61,278.6
temperature,-20,211,295.2,275.25
temperature,-20,212,290.91,292.27
temperature,-20,213,277.91,252.28
temperature,-20,214,280.61,260.96
temperature,-20,215,279.91,263.19
temperature,-20,216,285.31,262.15
temperature,-20,217,316.61,307.99
temperature,-20,218,270.91,255.9
temperature,-20,219,292.31,300.86
temperature,-20,220,304.31,293.72
temperature,-20,221,311.61,284.69
temperature,-20,222,285.91,287.95
temperature,-20,223,756.94,748.49
temperature,-20,224,776.83,783.87
temperature,-20,225,801.06,802.03
temperature,-20,226,512.57,541.74
temperature,-20,227,454.35,456.93
temperature,-20,228,539.98,499.79
temperature,-20,229,774.65,745.98
temperature,-20,230,789.35,799.75
temperature,-20,231,702.43,683.5
temperature,-20,232,412.94,412.18
temperature,-20,233,681.31,697.41
temperature,-20,234,423.54,406.11
temperature,-10,1,514.07,491.22
temperature,-10,2,549.07,550.86
temperature,-10,3,421.15,431.97
temperature,-10,4,464.26,457.1
temperature,-10,5,528.59,527.07
temperature,-10,6,420.44,422.7
temperature,-10,7,546.48,558.53
temperature,-10,8,786.56,776.76
temperature,-10,9,678.22,663.65
temperature,-10,10,662.11,663.36
temperature,-10,11,664.22,684.98
temperature,-10,12,793.44,785.89
temperature,-10,13,787.74,785.15
temperature,-10,14,452.15,441.17
temperature,-10,15,515.67,491.97
temperature,-10,16,774.15,774.74
temperature,-10,17,556.89,553.44
temperature,-10,18,501.37,488.63
temperature,-10,19,532.37,536.54
temperature,-10,20,675.52,676.28
temperature,-10,21,774.56,766.36
temperature,-10,22,789.85,774.27
temperature,-10,23,544.37,516.31
temperature,-10,24,440.04,449.6
temperature,-10,25,287.52,281.79
temperature,-10,26,647.11,641.1
temperature,-10,27,539.48,526.76
temperature,-10,28,768.15,776.57
temperature,-10,29,417.85,403.08
temperature,-10,30,788.15,788.3
temperature,-10,31,519.78,519.3
temperature,-10,32,535.78,522.73
temperature,-10,33,546.89,539.16
temperature,-10,34,757.44,755.75
temperature,-10,35,506.37,492.29
temperature,-10,36,534.37,530.87
temperature,-10,37,666.52,654.28
temperature,-10,38,674.81,671.96
temperature,-10,39,540.48,513.57
temperature,-10,40,549.48,537.69
temperature,-10,41,543.59,550.54
temperature,-10,42,445.85,449.21
temperature,-10,43,516.78,546.01
temperature,-10,44,554.48,546.74
temperature,-10,45,514.48,490.66
temperature,-10,46,551.89,545.84
temperature,-10,47,292.52,266.41
temperature,-10,48,426.44,401.25
temperature,-10,49,646.52,645.92
temperature,-10,50,541.48,531.65
temperature,-10,51,522.78,541.82
temperature,-10,52,401.44,395.22
temperature,-10,53,540.19,534.53
temperature,-10,54,542.07,528.71
temperature,-10,55,671.52,661.93
temperature,-10,56,801.15,777.67
temperature,-10,57,681.81,658.32
temperature,-10,58,766.44,771.97
temperature,-10,59,654.93,646.57
temperature,-10,60,792.15,786.65
temperature,-10,61,529.89,507.36
temperature,-10,62,788.04,793.37
temperature,-10,63,638.41,644.17
temperature,-10,64,413.15,407.95
temperature,-10,65,652.52,645.92
temperature,-10,66,547.07,552.32
temperature,-10,67,441.15,438.36
temperature,-10,68,434.15,427.99
temperature,-10,69,757.85,765.79
temperature,-10,70,652.11,663.68
temperature,-10,71,502.07,486.51
temperature,-10,72,780.44,775.71
temperature,-10,73,417.56,404.62
temperature,-10,74,784.15,780.07
temperature,-10,75,770.26,769.88
temperature,-10,76,412.85,437.94
temperature,-10,77,410.44,384.92
temperature,-10,78,809.26,800.95
temperature,-10,79,520.19,513.8
temperature,-10,80,665.93,670.58
temperature,-10,81,284.22,282.66
temperature,-10,82,775.56,774.95
temperature,-10,83,413.74,394.8
temperature,-10,84,419.63,401.63
temperature,-10,85,642.7,650.96
temperature,-10,86,327.93,319.26
temperature,-10,87,523.67,526.47
temperature,-10,88,535.78,525.37
temperature,-10,89,634.41,646.42
temperature,-10,90,444.15,435.32
temperature,-10,91,658.93,655.58
temperature,-10,92,525.78,546.77
temperature,-10,93,551.89,552
temperature,-10,94,554.19,538.14
temperature,-10,95,504.37,503.63
temperature,-10,96,648.52,631.84
temperature,-10,97,652.52,651.96
temperature,-10,98,764.44,767.96
temperature,-10,99,800.85,826.3
temperature,-10,100,762.15,767.32
temperature,-10,101,692.93,686.95
temperature,-10,102,779.85,760.01
temperature,-10,103,534.48,517.25
temperature,-10,104,419.56,407.05
temperature,-10,105,404.15,417.82
temperature,-10,106,796.15,784.84
temperature,-10,107,415.85,417.9
temperature,-10,108,397.04,378.72
temperature,-10,109,777.56,784.08
temperature,-10,110,697.22,685.22
temperature,-10,111,687.93,696.87
temperature,-10,112,648.22,661.03
temperature,-10,113,504.07,507.78
temperature,-10,114,543.19,538.77
temperature,-10,115,295.81,304.2
temperature,-10,116,411.85,399.34
temperature,-10,117,783.85,764.69
temperature,-10,118,517.19,508.23
temperature,-10,119,415.56,412.53
temperature,-10,120,753.74,728.62
temperature,-10,121,679.52,680.72
temperature,-10,122,524.48,520.54
temperature,-10,123,535.37,533.61
temperature,-10,124,506.78,492.35
temperature,-10,125,770.85,782.27
temperature,-10,126,301.22,289.14
temperature,-10,127,564.89,542.16
temperature,-10,128,411.44,408.49
temperature,-10,129,296.52,305.75
temperature,-10,130,694.22,675.01
temperature,-10,131,665.22,677.49
temperature,-10,132,772.85,761.75
temperature,-10,133,796.44,798.02
temperature,-10,134,422.67,427.99
temperature,-10,135,514.78,505.15
temperature,-10,136,546.19,533.24
temperature,-10,137,509.78,492.8
temperature,-10,138,678.22,657.61
temperature,-10,139,761.85,772.39
temperature,-10,140,460.96,466.54
temperature,-10,141,788.26,802.1
temperature,-10,142,774.85,768.31
temperature,-10,143,768.85,756.62
temperature,-10,144,802.15,800.09
temperature,-10,145,760.15,764.62
temperature,-10,146,445.15,432.83
temperature,-10,147,785.85,784.78
temperature,-10,148,790.15,793.55
temperature,-10,149,780.56,773.28
temperature,-10,150,506.67,498.36
temperature,-10,151,542.48,526.65
temperature,-10,152,433.74,423.27
temperature,-10,153,774.04,743.75
temperature,-10,154,795.56,820.18
temperature,-10,155,503.07,505.24
temperature,-10,156,441.44,438.69
temperature,-10,157,665.63,664.78
temperature,-10,158,276.81,280.52
temperature,-10,159,669,671.73
temperature,-10,160,419.33,428.14
temperature,-10,161,320.52,330.31
temperature,-10,162,689.22,690.22
temperature,-10,163,514.19,507.79
temperature,-10,164,672.22,689.53
temperature,-10,165,502.96,493.24
temperature,-10,166,683.22,668.75
temperature,-10,167,775.74,767.17
temperature,-10,168,548.89,564.16
temperature,-10,169,806.56,811.99
temperature,-10,170,444.74,444.87
temperature,-10,171,685.52,676.32
temperature,-10,172,520.19,516.51
temperature,-10,173,651.22,623.94
temperature,-10,174,520.19,501.14
temperature,-10,175,800.15,810.41
temperature,-10,176,682.81,675.27
temperature,-10,177,425.85,445.11
temperature,-10,178,668.93,669.53
temperature,-10,179,536.07,547.79
temperature,-10,180,759.15,764.58
temperature,-10,181,779.74,773.13
temperature,-10,182,503.07,483.62
temperature,-10,183,442.74,441.06
temperature,-10,184,444.74,441.72
temperature,-10,185,537.07,539.93
temperature,-10,186,532.48,544.67
temperature,-10,187,654.22,649.64
temperature,-10,188,679.22,669.63
temperature,-10,189,550.78,556.85
temperature,-10,190,530.78,503.98
temperature,-10,191,797.85,802.42
temperature,-10,192,502.07,486.35
temperature,-10,193,805.85,815.52
temperature,-10,194,428.44,428.15
temperature,-10,195,759.85,752.53
temperature,-10,196,677.81,687.91
temperature,-10,197,772.44,783.62
temperature,-10,198,422.74,425.82
temperature,-10,199,744.04,758.38
temperature,-10,200,422.15,438.7
temperature,-10,201,673.11,659.02
temperature,-10,202,790.74,791.81
temperature,-10,203,444.74,445.19
temperature,-10,204,755.74,750.39
temperature,-10,205,680.22,663.96
temperature,-10,206,769.85,777.27
temperature,-10,207,802.15,785.74
temperature,-10,208,547.78,548.65
temperature,-10,209,661.22,658.23
temperature,-10,210,279.11,276.62
temperature,-10,211,294.7,272.48
temperature,-10,212,290.41,289.1
temperature,-10,213,277.41,244.41
temperature,-10,214,280.11,260.07
temperature,-10,215,279.41,262.48
temperature,-10,216,284.81,259.92
temperature,-10,217,316.11,308.22
temperature,-10,218,270.41,258.81
temperature,-10,219,291.81,304.97
temperature,-10,220,303.81,295.45
temperature,-10,221,311.11,285.78
temperature,-10,222,285.41,288.36
temperature,-10,223,756.44,747.54
temperature,-10,224,776.33,785.33
temperature,-10,225,800.56,803.9
temperature,-10,226,512.07,539.26
temperature,-10,227,453.85,453.01
temperature,-10,228,539.48,503.73
temperature,-10,229,774.15,742.87
temperature,-10,230,788.85,793.23
temperature,-10,231,701.93,682.6
temperature,-10,232,412.44,410.21
temperature,-10,233,680.81,701.82
temperature,-10,234,423.04,408.53
temperature,0,1,513.57,490.81
temperature,0,2,548.57,551.29
temperature,0,3,420.65,434.15
temperature,0,4,463.76,458.48
temperature,0,5,528.09,527.27
temperature,0,6,419.94,422.18
temperature,0,7,545.98,553.75
temperature,0,8,786.06,776.02
temperature,0,9,677.72,666.13
temperature,0,10,661.61,657.8
temperature,0,11,663.72,677.87
temperature,0,12,792.94,789.44
temperature,0,13,787.24,784.57
temperature,0,14,451.65,439.71
temperature,0,15,515.17,498.66
temperature,0,16,773.65,778.13
temperature,0,17,556.39,553.68
temperature,0,18,500.87,487.61
temperature,0,19,531.87,531.83
temperature,0,20,675.02,673.98
temperature,0,21,774.06,768
temperature,0,22,789.35,774.58
temperature,0,23,543.87,517.16
temperature,0,24,439.54,447.14
temperature,0,25,287.02,284.52
temperature,0,26,646.61,643.24
temperature,0,27,538.98,531.83
temperature,0,28,767.65,778.17
temperature,0,29,417.35,399.71
temperature,0,30,787.65,788.95
temperature,0,31,519.28,520.3
temperature,0,32,535.28,526.78
temperature,0,33,546.39,541.13
temperature,0,34,756.94,750.45
temperature,0,35,505.87,487.43
temperature,0,36,533.87,528.76
temperature,0,37,666.02,657.81
temperature,0,38,674.31,669.62
temperature,0,39,539.98,513.01
temperature,0,40,548.98,538.11
temperature,0,41,543.09,549.06
temperature,0,42,445.35,440.85
temperature,0,43,516.28,538.2
temperature,0,44,553.98,547.36
temperature,0,45,513.98,485.43
temperature,0,46,551.39,543.65
temperature,0,47,292.02,266.59
temperature,0,48,425.94,405.86
temperature,0,49,646.02,648.29
temperature,0,50,540.98,531.5
temperature,0,51,522.28,534.68
temperature,0,52,400.94,394.9
temperature,0,53,539.69,541.7
temperature,0,54,541.57,527.6
temperature,0,55,671.02,662.68
temperature,0,56,800.65,782.23
temperature,0,57,681.31,657.64
temperature,0,58,765.94,770
temperature,0,59,654.43,652.51
temperature,0,60,791.65,786.94
temperature,0,61,529.39,508.5
temperature,0,62,787.54,793.06
temperature,0,63,637.91,644.31
temperature,0,64,412.65,411.68
temperature,0,65,652.02,643.36
temperature,0,66,546.57,549.11
temperature,0,67,440.65,438.83
temperature,0,68,433.65,425.94
temperature,0,69,757.35,765.8
temperature,0,70,651.61,660.19
temperature,0,71,501.57,484.39
temperature,0,72,779.94,775.78
temperature,0,73,417.06,408.08
temperature,0,74,783.65,782.12
temperature,0,75,769.76,771.88
temperature,0,76,412.35,429.17
temperature,0,77,409.94,391.89
temperature,0,78,808.76,801.73
temperature,0,79,519.69,513.24
temperature,0,80,665.43,672.09
temperature,0,81,283.72,278.26
temperature,0,82,775.06,778.16
temperature,0,83,413.24,395.74
temperature,0,84,419.13,404.59
temperature,0,85,642.2,654.93
temperature,0,86,327.43,322.07
temperature,0,87,523.17,527.02
temperature,0,88,535.28,523.28
temperature,0,89,633.91,646.96
temperature,0,90,443.65,437.96
temperature,0,91,658.43,658.87
temperature,0,92,525.28,545.29
temperature,0,93,551.39,549.46
temperature,0,94,553.69,537.1
temperature,0,95,503.87,504.36
temperature,0,96,648.02,634.19
temperature,0,97,652.02,646.24
temperature,0,98,763.94,765.48
temperature,0,99,800.35,822.42
temperature,0,100,761.65,768.83
temperature,0,101,692.43,683.94
temperature,0,102,779.35,756.83
temperature,0,103,533.98,517.93
temperature,0,104,419.06,411.14
temperature,0,105,403.65,416.04
temperature,0,106,795.65,786.72
temperature,0,107,415.35,415.27
temperature,0,108,396.54,382.85
temperature,0,109,777.06,780.86
temperature,0,110,696.72,685
temperature,0,111,687.43,696.37
temperature,0,112,647.72,657.59
temperature,0,113,503.57,507.54
temperature,0,114,542.69,539.03
temperature,0,115,295.31,303.91
temperature,0,116,411.35,403.3
temperature,0,117,783.35,767.75
temperature,0,118,516.69,514.29
temperature,0,119,415.06,411.64
temperature,0,120,753.24,734.42
temperature,0,121,679.02,680.19
temperature,0,122,523.98,516.98
temperature,0,123,534.87,533.02
temperature,0,124,506.28,494.13
temperature,0,125,770.35,781.34
temperature,0,126,300.72,290.42
temperature,0,127,564.39,549.18
temperature,0,128,410.94,410.05
temperature,0,129,296.02,304.01
temperature,0,130,693.72,679.25
temperature,0,131,664.72,678.01
temperature,0,132,772.35,763.39
temperature,0,133,795.94,796.41
temperature,0,134,422.17,428.03
temperature,0,135,514.28,505.74
temperature,0,136,545.69,535.87
temperature,0,137,509.28,493.82
temperature,0,138,677.72,657.06
temperature,0,139,761.35,770.16
temperature,0,140,460.46,470.44
temperature,0,141,787.76,795.86
temperature,0,142,774.35,766.06
temperature,0,143,768.35,757.42
temperature,0,144,801.65,797.37
temperature,0,145,759.65,765.91
temperature,0,146,444.65,433.96
temperature,0,147,785.35,785.47
temperature,0,148,789.65,794.56
temperature,0,149,780.06,777.63
temperature,0,150,506.17,500.35
temperature,0,151,541.98,528.42
temperature,0,152,433.24,420.43
temperature,0,153,773.54,749.4
temperature,0,154,795.06,815.67
temperature,0,155,502.57,502.24
temperature,0,156,440.94,437.35
temperature,0,157,665.13,660.39
temperature,0,158,276.31,280.62
temperature,0,159,668.5,673.77
temperature,0,160,418.83,423.4
temperature,0,161,320.02,330.39
temperature,0,162,688.72,689.02
temperature,0,163,513.69,510.25
temperature,0,164,671.72,685.04
temperature,0,165,502.46,489.65
temperature,0,166,682.72,673.28
temperature,0,167,775.24,767.07
temperature,0,168,548.39,559.2
temperature,0,169,806.06,809.15
temperature,0,170,444.24,446.61
temperature,0,171,685.02,675.81
temperature,0,172,519.69,515.5
temperature,0,173,650.72,623.73
temperature,0,174,519.69,498.95
temperature,0,175,799.65,802.23
temperature,0,176,682.31,674.87
temperature,0,177,425.35,437.99
temperature,0,178,668.43,671.71
temperature,0,179,535.57,550.18
temperature,0,180,758.65,762.67
temperature,0,181,779.24,773.13
temperature,0,182,502.57,484.16
temperature,0,183,442.24,442.3
temperature,0,184,444.24,442.23
temperature,0,185,536.57,541.75
temperature,0,186,531.98,538.64
temperature,0,187,653.72,647.47
temperature,0,188,678.72,672.16
temperature,0,189,550.28,554.81
temperature,0,190,530.28,505.35
temperature,0,191,797.35,802.06
temperature,0,192,501.57,490.48
temperature,0,193,805.35,815.3
temperature,0,194,427.94,425.2
temperature,0,195,759.35,749.93
temperature,0,196,677.31,681.54
temperature,0,197,771.94,781.94
temperature,0,198,422.24,423.85
temperature,0,199,743.54,754.67
temperature,0,200,421.65,439.05
temperature,0,201,672.61,655.54
temperature,0,202,790.24,784.43
temperature,0,203,444.24,446.55
temperature,0,204,755.24,748.92
temperature,0,205,679.72,665.02
temperature,0,206,769.35,770.86
temperature,0,207,801.65,792.33
temperature,0,208,547.28,546.45
temperature,0,209,660.72,658.87
temperature,0,210,278.61,277.14
temperature,0,211,294.2,276.45
temperature,0,212,289.91,286.96
temperature,0,213,276.91,250.74
temperature,0,214,279.61,266.63
temperature,0,215,278.91,267.24
temperature,0,216,284.31,259.37
temperature,0,217,315.61,307.18
temperature,0,218,269.91,259.27
temperature,0,219,291.31,301.31
temperature,0,220,303.31,296.42
temperature,0,221,310.61,283.97
temperature,0,222,284.91,288.82
temperature,0,223,755.94,751.88
temperature,0,224,775.83,782.57
temperature,0,225,800.06,800.63
temperature,0,226,511.57,535.55
temperature,0,227,453.35,453.04
temperature,0,228,538.98,501.96
temperature,0,229,773.65,743.79
temperature,0,230,788.35,796.13
temperature,0,231,701.43,682.89
temperature,0,232,411.94,408.83
temperature,0,233,680.31,699.09
temperature,0,234,422.54,406.99
temperature,10,1,513.07,491.66
temperature,10,2,548.07,548.14
temperature,10,3,420.15,424.64
temperature,10,4,463.26,456.9
temperature,10,5,527.59,524.38
temperature,10,6,419.44,419.95
temperature,10,7,545.48,554.05
temperature,10,8,785.56,777.2
temperature,10,9,677.22,660.45
temperature,10,10,661.11,657.57
temperature,10,11,663.22,682.64
temperature,10,12,792.44,785.04
temperature,10,13,786.74,779.59
temperature,10,14,451.15,438.64
temperature,10,15,514.67,494.69
temperature,10,16,773.15,776.65
temperature,10,17,555.89,552.98
temperature,10,18,500.37,486.92
temperature,10,19,531.37,533.45
temperature,10,20,674.52,673.41
temperature,10,21,773.56,764.3
temperature,10,22,788.85,778.54
temperature,10,23,543.37,517.29
temperature,10,24,439.04,445.33
temperature,10,25,286.52,284.06
temperature,10,26,646.11,641.43
temperature,10,27,538.48,526.53
temperature,10,28,767.15,779.32
temperature,10,29,416.85,399.27
temperature,10,30,787.15,785.65
temperature,10,31,518.78,519.35
temperature,10,32,534.78,524.86
temperature,10,33,545.89,540.5
temperature,10,34,756.44,755.01
temperature,10,35,505.37,490.93
temperature,10,36,533.37,530.41
temperature,10,37,665.52,659.25
temperature,10,38,673.81,671.64
temperature,10,39,539.48,511.32
temperature,10,40,548.48,536.22
temperature,10,41,542.59,548.4
temperature,10,42,444.85,447.13
temperature,10,43,515.78,537.42
temperature,10,44,553.48,548.41
temperature,10,45,513.48,487.37
temperature,10,46,550.89,545.18
temperature,10,47,291.52,268.61
temperature,10,48,425.44,404.39
temperature,10,49,645.52,646.39
temperature,10,50,540.48,529.59
temperature,10,51,521.78,538.94
temperature,10,52,400.44,393.7
temperature,10,53,539.19,535.35
temperature,10,54,541.07,526.97
temperature,10,55,670.52,656.13
temperature,10,56,800.15,780.4
temperature,10,57,680.81,663.34
temperature,10,58,765.44,772.18
temperature,10,59,653.93,650.68
temperature,10,60,791.15,786.97
temperature,10,61,528.89,513.01
temperature,10,62,787.04,795.69
temperature,10,63,637.41,640.4
temperature,10,64,412.15,410.79
temperature,10,65,651.52,642.9
temperature,10,66,546.07,552.36
temperature,10,67,440.15,435.84
temperature,10,68,433.15,423.55
temperature,10,69,756.85,767.58
temperature,10,70,651.11,658.22
temperature,10,71,501.07,484.06
temperature,10,72,779.44,776.14
temperature,10,73,416.56,405.33
temperature,10,74,783.15,782.86
temperature,10,75,769.26,768.28
temperature,10,76,411.85,430.05
temperature,10,77,409.44,392.09
temperature,10,78,808.26,802.23
temperature,10,79,519.19,512.65
temperature,10,80,664.93,668.76
temperature,10,81,283.22,282.74
temperature,10,82,774.56,773.3
temperature,10,83,412.74,398.89
temperature,10,84,418.63,402.16
temperature,10,85,641.7,649.51
temperature,10,86,326.93,318.33
temperature,10,87,522.67,526.48
temperature,10,88,534.78,517.38
temperature,10,89,633.41,637.34
temperature,10,90,443.15,438.84
temperature,10,91,657.93,658.88
temperature,10,92,524.78,545.95
temperature,10,93,550.89,554.04
temperature,10,94,553.19,538.88
temperature,10,95,503.37,507.28
temperature,10,96,647.52,632.38
temperature,10,97,651.52,653.3
temperature,10,98,763.44,762.2
temperature,10,99,799.85,821.4
temperature,10,100,761.15,768.12
temperature,10,101,691.93,685.1
temperature,10,102,778.85,757.51
temperature,10,103,533.48,521.32
temperature,10,104,418.56,411.05
temperature,10,105,403.15,416.52
temperature,10,106,795.15,782.18
temperature,10,107,414.85,416.12
temperature,10,108,396.04,379.86
temperature,10,109,776.56,782.87
temperature,10,110,696.22,684.83
temperature,10,111,686.93,690.25
temperature,10,112,647.22,655.65
temperature,10,113,503.07,511.87
temperature,10,114,542.19,536.89
temperature,10,115,294.81,302.52
temperature,10,116,410.85,401.94
temperature,10,117,782.85,769.08
temperature,10,118,516.19,509.44
temperature,10,119,414.56,410.76
temperature,10,120,752.74,733.56
temperature,10,121,678.52,679.19
temperature,10,122,523.48,521.83
temperature,10,123,534.37,533.03
temperature,10,124,505.78,495.72
temperature,10,125,769.85,776.84
temperature,10,126,300.22,291.96
temperature,10,127,563.89,545.3
temperature,10,128,410.44,407.72
temperature,10,129,295.52,305.95
temperature,10,130,693.22,678.7
temperature,10,131,664.22,677.01
temperature,10,132,771.85,762.13
temperature,10,133,795.44,794.48
temperature,10,134,421.67,426.37
temperature,10,135,513.78,501.91
temperature,10,136,545.19,532.5
temperature,10,137,508.78,493.39
temperature,10,138,677.22,658.33
temperature,10,139,760.85,770.14
temperature,10,140,459.96,467.17
temperature,10,141,787.26,798.04
temperature,10,142,773.85,767.9
temperature,10,143,767.85,756.67
temperature,10,144,801.15,802.3
temperature,10,145,759.15,768.15
temperature,10,146,444.15,433.94
temperature,10,147,784.85,787.54
temperature,10,148,789.15,793.2
temperature,10,149,779.56,777.18
temperature,10,150,505.67,497.8
temperature,10,151,541.48,527.62
temperature,10,152,432.74,420
temperature,10,153,773.04,745.72
temperature,10,154,794.56,814.18
temperature,10,155,502.07,497.33
temperature,10,156,440.44,437.52
temperature,10,157,664.63,663.73
temperature,10,158,275.81,279.22
temperature,10,159,668,666.03
temperature,10,160,418.33,424.22
temperature,10,161,319.52,329.66
temperature,10,162,688.22,688.21
temperature,10,163,513.19,512.96
temperature,10,164,671.22,688.88
temperature,10,165,501.96,485.98
temperature,10,166,682.22,672.85
temperature,10,167,774.74,767.08
temperature,10,168,547.89,562.13
temperature,10,169,805.56,810.57
temperature,10,170,443.74,447.98
temperature,10,171,684.52,674.31
temperature,10,172,519.19,520.04
temperature,10,173,650.22,624.67
temperature,10,174,519.19,498.81
temperature,10,175,799.15,802.3
temperature,10,176,681.81,677.2
temperature,10,177,424.85,441.88
temperature,10,178,667.93,669.12
temperature,10,179,535.07,549.87
temperature,10,180,758.15,761.36
temperature,10,181,778.74,773.18
temperature,10,182,502.07,486.5
temperature,10,183,441.74,437.24
temperature,10,184,443.74,437.44
temperature,10,185,536.07,539.98
temperature,10,186,531.48,542.28
temperature,10,187,653.22,649.25
temperature,10,188,678.22,672.07
temperature,10,189,549.78,552.35
temperature,10,190,529.78,501.03
temperature,10,191,796.85,799.99
temperature,10,192,501.07,489.44
temperature,10,193,804.85,813.97
temperature,10,194,427.44,425.62
temperature,10,195,758.85,753.91
temperature,10,196,676.81,685.58
temperature,10,197,771.44,780.58
temperature,10,198,421.74,426.25
temperature,10,199,743.04,757.88
temperature,10,200,421.15,435.83
temperature,10,201,672.11,656.57
temperature,10,202,789.74,783.8
temperature,10,203,443.74,444.34
temperature,10,204,754.74,748.66
temperature,10,205,679.22,662.68
temperature,10,206,768.85,770.89
temperature,10,207,801.15,790.2
temperature,10,208,546.78,547.44
temperature,10,209,660.22,654.71
temperature,10,210,278.11,277.05
temperature,10,211,293.7,275.22
temperature,10,212,289.41,288.85
temperature,10,213,276.41,250.1
temperature,10,214,279.11,262.26
temperature,10,215,278.41,263.1
temperature,10,216,283.81,264
temperature,10,217,315.11,305.62
temperature,10,218,269.41,255.59
temperature,10,219,290.81,302.12
temperature,10,220,302.81,294.29
temperature,10,221,310.11,282.8
temperature,10,222,284.41,284.22
temperature,10,223,755.44,750.18
temperature,10,224,775.33,781.19
temperature,10,225,799.56,801.71
temperature,10,226,511.07,535.41
temperature,10,227,452.85,450.96
temperature,10,228,538.48,507.86
temperature,10,229,773.15,746.07
temperature,10,230,787.85,794.75
temperature,10,231,700.93,681.24
temperature,10,232,411.44,410.74
temperature,10,233,679.81,696.31
temperature,10,234,422.04,410.09
temperature,20,1,513.57,492.89
temperature,20,2,548.57,549.88
temperature,20,3,420.65,430.69
temperature,20,4,463.76,461.96
temperature,20,5,528.09,529.97
temperature,20,6,419.94,419.95
temperature,20,7,545.98,555.3
temperature,20,8,786.06,773.35
temperature,20,9,677.72,665.74
temperature,20,10,661.61,660.84
temperature,20,11,663.72,678.27
temperature,20,12,792.94,787.56
temperature,20,13,787.24,781.29
temperature,20,14,451.65,438.27
temperature,20,15,515.17,494.46
temperature,20,16,773.65,775.08
temperature,20,17,556.39,552.32
temperature,20,18,500.87,486.63
temperature,20,19,531.87,534.53
temperature,20,20,675.02,675.2
temperature,20,21,774.06,768.75
temperature,20,22,789.35,775.78
temperature,20,23,543.87,518.03
temperature,20,24,439.54,444.2
temperature,20,25,287.02,286.58
temperature,20,26,646.61,642.1
temperature,20,27,538.98,529.42
temperature,20,28,767.65,779.59
temperature,20,29,417.35,401.46
temperature,20,30,787.65,784.93
temperature,20,31,519.28,518.48
temperature,20,32,535.28,529.54
temperature,20,33,546.39,541.28
temperature,20,34,756.94,756.32
temperature,20,35,505.87,491.62
temperature,20,36,533.87,529.97
temperature,20,37,666.02,660
temperature,20,38,674.31,673.73
temperature,20,39,539.98,511.8
temperature,20,40,548.98,537.1
temperature,20,41,543.09,547.93
temperature,20,42,445.35,447.68
temperature,20,43,516.28,538.45
temperature,20,44,553.98,544.33
temperature,20,45,513.98,489.06
temperature,20,46,551.39,546.62
temperature,20,47,292.02,266.56
temperature,20,48,425.94,405.12
temperature,20,49,646.02,649.01
temperature,20,50,540.98,528.63
temperature,20,51,522.28,539.31
temperature,20,52,400.94,396.57
temperature,20,53,539.69,537.22
temperature,20,54,541.57,530.46
temperature,20,55,671.02,660.35
temperature,20,56,800.65,779.09
temperature,20,57,681.31,658.55
temperature,20,58,765.94,770.37
temperature,20,59,654.43,647.27
temperature,20,60,791.65,784.48
temperature,20,61,529.39,509.51
temperature,20,62,787.54,792.3
temperature,20,63,637.91,645.6
temperature,20,64,412.65,408.55
temperature,20,65,652.02,641.94
temperature,20,66,546.57,547.9
temperature,20,67,440.65,439.37
temperature,20,68,433.65,425.68
temperature,20,69,757.35,766.89
temperature,20,70,651.61,659.51
temperature,20,71,501.57,487.96
temperature,20,72,779.94,777.26
temperature,20,73,417.06,405.66
temperature,20,74,783.65,781.45
temperature,20,75,769.76,771.37
temperature,20,76,412.35,430.83
temperature,20,77,409.94,390.99
temperature,20,78,808.76,804.24
temperature,20,79,519.69,515.21
temperature,20,80,665.43,670.54
temperature,20,81,283.72,282.3
temperature,20,82,775.06,776.88
temperature,20,83,413.24,390.89
temperature,20,84,419.13,402.33
temperature,20,85,642.2,650.42
temperature,20,86,327.43,317.8
temperature,20,87,523.17,525.25
temperature,20,88,535.28,526.9
temperature,20,89,633.91,644.16
temperature,20,90,443.65,438.31
temperature,20,91,658.43,656.25
temperature,20,92,525.28,542.87
temperature,20,93,551.39,551.57
temperature,20,94,553.69,539.39
temperature,20,95,503.87,507.34
temperature,20,96,648.02,638.33
temperature,20,97,652.02,651.54
temperature,20,98,763.94,763.4
temperature,20,99,800.35,822.14
temperature,20,100,761.65,771.08
temperature,20,101,692.43,688.21
temperature,20,102,779.35,753.29
temperature,20,103,533.98,518.87
temperature,20,104,419.06,410.06
temperature,20,105,403.65,413.55
temperature,20,106,795.65,788.52
temperature,20,107,415.35,415.72
temperature,20,108,396.54,384
temperature,20,109,777.06,778.55
temperature,20,110,696.72,681.49
temperature,20,111,687.43,693.47
temperature,20,112,647.72,654.24
temperature,20,113,503.57,506.33
temperature,20,114,542.69,540.02
temperature,20,115,295.31,300.56
temperature,20,116,411.35,401.49
temperature,20,117,783.35,763.92
temperature,20,118,516.69,512.77
temperature,20,119,415.06,412.37
temperature,20,120,753.24,735.79
temperature,20,121,679.02,679.59
temperature,20,122,523.98,521.11
temperature,20,123,534.87,535.77
temperature,20,124,506.28,492.51
temperature,20,125,770.35,777.21
temperature,20,126,300.72,288.83
temperature,20,127,564.39,549.1
temperature,20,128,410.94,408.04
temperature,20,129,296.02,306.58
temperature,20,130,693.72,676.14
temperature,20,131,664.72,678.07
temperature,20,132,772.35,762.77
temperature,20,133,795.94,800.39
temperature,20,134,422.17,426.28
temperature,20,135,514.28,503.72
temperature,20,136,545.69,535.91
temperature,20,137,509.28,492.15
temperature,20,138,677.72,658.58
temperature,20,139,761.35,770.43
temperature,20,140,460.46,465.88
temperature,20,141,787.76,796.8
temperature,20,142,774.35,763.51
temperature,20,143,768.35,760.6
temperature,20,144,801.65,800.42
temperature,20,145,759.65,767.24
temperature,20,146,444.65,434.28
temperature,20,147,785.35,786.62
temperature,20,148,789.65,793.9
temperature,20,149,780.06,777.15
temperature,20,150,506.17,499.93
temperature,20,151,541.98,528.18
temperature,20,152,433.24,423.4
temperature,20,153,773.54,747.99
temperature,20,154,795.06,816.61
temperature,20,155,502.57,498.61
temperature,20,156,440.94,434.45
temperature,20,157,665.13,665.62
temperature,20,158,276.31,279.65
temperature,20,159,668.5,670.1
temperature,20,160,418.83,424.93
temperature,20,161,320.02,327.62
temperature,20,162,688.72,689.72
temperature,20,163,513.69,509.93
temperature,20,164,671.72,689.88
temperature,20,165,502.46,487.35
temperature,20,166,682.72,670.79
temperature,20,167,775.24,767.45
temperature,20,168,548.39,557.81
temperature,20,169,806.06,808.84
temperature,20,170,444.24,446.13
temperature,20,171,685.02,674.21
temperature,20,172,519.69,518.91
temperature,20,173,650.72,628.1
temperature,20,174,519.69,501.26
temperature,20,175,799.65,805.16
temperature,20,176,682.31,676.36
temperature,20,177,425.35,442.58
temperature,20,178,668.43,676.06
temperature,20,179,535.57,550.63
temperature,20,180,758.65,762.22
temperature,20,181,779.24,770.19
temperature,20,182,502.57,486.44
temperature,20,183,442.24,440.49
temperature,20,184,444.24,435.29
temperature,20,185,536.57,540.47
temperature,20,186,531.98,544.94
temperature,20,187,653.72,644.48
temperature,20,188,678.72,671.02
temperature,20,189,550.28,556.88
temperature,20,190,530.28,501.83
temperature,20,191,797.35,798.65
temperature,20,192,501.57,491.57
temperature,20,193,805.35,814.42
temperature,20,194,427.94,427.64
temperature,20,195,759.35,751.99
temperature,20,196,677.31,684.81
temperature,20,197,771.94,779
temperature,20,198,422.24,426.29
temperature,20,199,743.54,759.96
temperature,20,200,421.65,436.35
temperature,20,201,672.61,660.98
temperature,20,202,790.24,784.31
temperature,20,203,444.24,446.8
temperature,20,204,755.24,746.55
temperature,20,205,679.72,662.04
temperature,20,206,769.35,769.4
temperature,20,207,801.65,793.58
temperature,20,208,547.28,544.22
temperature,20,209,660.72,656.94
temperature,20,210,278.61,276.23
temperature,20,211,294.2,275.9
temperature,20,212,289.91,288.14
temperature,20,213,276.91,250.45
temperature,20,214,279.61,266.59
temperature,20,215,278.91,266.74
temperature,20,216,284.31,260.83
temperature,20,217,315.61,312.89
temperature,20,218,269.91,257.71
temperature,20,219,291.31,301.05
temperature,20,220,303.31,298.91
temperature,20,221,310.61,287.88
temperature,20,222,284.91,287.75
temperature,20,223,755.94,752.74
temperature,20,224,775.83,782.39
temperature,20,225,800.06,800.46
temperature,20,226,511.57,541.09
temperature,20,227,453.35,451.35
temperature,20,228,538.98,503.58
temperature,20,229,773.65,747.2
temperature,20,230,788.35,795.12
temperature,20,231,701.43,681.6
temperature,20,232,411.94,404.97
temperature,20,233,680.31,694.73
temperature,20,234,422.54,408.49
temperature,30,1,514.07,489.26
temperature,30,2,549.07,551.76
temperature,30,3,421.15,432.82
temperature,30,4,464.26,462.52
temperature,30,5,528.59,524.54
temperature,30,6,420.44,423.6
temperature,30,7,546.48,557.37
temperature,30,8,786.56,783.07
temperature,30,9,678.22,664.76
temperature,30,10,662.11,661.6
temperature,30,11,664.22,680.25
temperature,30,12,793.44,788.7
temperature,30,13,787.74,782.91
temperature,30,14,452.15,436.48
temperature,30,15,515.67,491.56
temperature,30,16,774.15,776.11
temperature,30,17,556.89,553.28
temperature,30,18,501.37,484.78
temperature,30,19,532.37,531.84
temperature,30,20,675.52,676.14
temperature,30,21,774.56,764.98
temperature,30,22,789.85,774.61
temperature,30,23,544.37,515.26
temperature,30,24,440.04,452.19
temperature,30,25,287.52,284.87
temperature,30,26,647.11,642.03
temperature,30,27,539.48,522.98
temperature,30,28,768.15,783.27
temperature,30,29,417.85,397.49
temperature,30,30,788.15,789.46
temperature,30,31,519.78,516.87
temperature,30,32,535.78,529.06
temperature,30,33,546.89,540.67
temperature,30,34,757.44,755.6
temperature,30,35,506.37,489.17
temperature,30,36,534.37,527.87
temperature,30,37,666.52,658.71
temperature,30,38,674.81,672.11
temperature,30,39,540.48,513.52
temperature,30,40,549.48,537.62
temperature,30,41,543.59,548.68
temperature,30,42,445.85,443.74
temperature,30,43,516.78,545.85
temperature,30,44,554.48,541.18
temperature,30,45,514.48,484.9
temperature,30,46,551.89,543.61
temperature,30,47,292.52,265.63
temperature,30,48,426.44,400.18
temperature,30,49,646.52,648.44
temperature,30,50,541.48,529.05
temperature,30,51,522.78,540.23
temperature,30,52,401.44,396.64
temperature,30,53,540.19,535.72
temperature,30,54,542.07,530.82
temperature,30,55,671.52,665.56
temperature,30,56,801.15,777.01
temperature,30,57,681.81,657.99
temperature,30,58,766.44,774.81
temperature,30,59,654.93,650.04
temperature,30,60,792.15,783.12
temperature,30,61,529.89,510.15
temperature,30,62,788.04,797.28
temperature,30,63,638.41,646.96
temperature,30,64,413.15,410.73
temperature,30,65,652.52,643.11
temperature,30,66,547.07,554.19
temperature,30,67,441.15,439.97
temperature,30,68,434.15,423.95
temperature,30,69,757.85,767.3
temperature,30,70,652.11,662.09
temperature,30,71,502.07,483.99
temperature,30,72,780.44,777.33
temperature,30,73,417.56,406.6
temperature,30,74,784.15,783.96
temperature,30,75,770.26,769.13
temperature,30,76,412.85,435.87
temperature,30,77,410.44,392.67
temperature,30,78,809.26,800.64
temperature,30,79,520.19,510.18
temperature,30,80,665.93,674.02
temperature,30,81,284.22,282.37
temperature,30,82,775.56,775.54
temperature,30,83,413.74,390.11
temperature,30,84,419.63,403.46
temperature,30,85,642.7,654.52
temperature,30,86,327.93,318.29
temperature,30,87,523.67,529.22
temperature,30,88,535.78,521.29
temperature,30,89,634.41,643.2
temperature,30,90,444.15,438.05
temperature,30,91,658.93,654.6
temperature,30,92,525.78,548.17
temperature,30,93,551.89,555.37
temperature,30,94,554.19,535.41
temperature,30,95,504.37,508.63
temperature,30,96,648.52,629.11
temperature,30,97,652.52,649.93
temperature,30,98,764.44,765.05
temperature,30,99,800.85,822.29
temperature,30,100,762.15,767.38
temperature,30,101,692.93,685.71
temperature,30,102,779.85,753.84
temperature,30,103,534.48,519.46
temperature,30,104,419.56,411.15
temperature,30,105,404.15,418.9
temperature,30,106,796.15,786.74
temperature,30,107,415.85,420.29
temperature,30,108,397.04,384.69
temperature,30,109,777.56,780.38
temperature,30,110,697.22,680.61
temperature,30,111,687.93,692.67
temperature,30,112,648.22,662.85
temperature,30,113,504.07,509.31
temperature,30,114,543.19,535.67
temperature,30,115,295.81,304.92
temperature,30,116,411.85,400.11
temperature,30,117,783.85,766.05
temperature,30,118,517.19,511.5
temperature,30,119,415.56,416.39
temperature,30,120,753.74,736.6
temperature,30,121,679.52,682
temperature,30,122,524.48,519.83
temperature,30,123,535.37,529.57
temperature,30,124,506.78,495.47
temperature,30,125,770.85,785.77
temperature,30,126,301.22,290.03
temperature,30,127,564.89,545.19
temperature,30,128,411.44,410.13
temperature,30,129,296.52,304.26
temperature,30,130,694.22,676.57
temperature,30,131,665.22,679.55
temperature,30,132,772.85,763.75
temperature,30,133,796.44,797.57
temperature,30,134,422.67,425.68
temperature,30,135,514.78,506.77
temperature,30,136,546.19,533.72
temperature,30,137,509.78,493.22
temperature,30,138,678.22,655.84
temperature,30,139,761.85,767.14
temperature,30,140,460.96,467.9
temperature,30,141,788.26,802.97
temperature,30,142,774.85,764.51
temperature,30,143,768.85,758.45
temperature,30,144,802.15,800.4
temperature,30,145,760.15,766.26
temperature,30,146,445.15,432.5
temperature,30,147,785.85,790.05
temperature,30,148,790.15,793.97
temperature,30,149,780.56,774.29
temperature,30,150,506.67,502.27
temperature,30,151,542.48,524.35
temperature,30,152,433.74,422.77
temperature,30,153,774.04,745.98
temperature,30,154,795.56,815.27
temperature,30,155,503.07,500.25
temperature,30,156,441.44,440.1
temperature,30,157,665.63,663.49
temperature,30,158,276.81,280.35
temperature,30,159,669,667.45
temperature,30,160,419.33,421.94
temperature,30,161,320.52,328.38
temperature,30,162,689.22,695.87
temperature,30,163,514.19,510.04
temperature,30,164,672.22,686.24
temperature,30,165,502.96,490.32
temperature,30,166,683.22,670.6
temperature,30,167,775.74,765.07
temperature,30,168,548.89,560.25
temperature,30,169,806.56,812.64
temperature,30,170,444.74,446.22
temperature,30,171,685.52,673.91
temperature,30,172,520.19,515.81
temperature,30,173,651.22,626.76
temperature,30,174,520.19,496.21
temperature,30,175,800.15,803.35
temperature,30,176,682.81,679.37
temperature,30,177,425.85,439.18
temperature,30,178,668.93,672.36
temperature,30,179,536.07,551.68
temperature,30,180,759.15,761.22
temperature,30,181,779.74,770.51
temperature,30,182,503.07,482.97
temperature,30,183,442.74,440.24
temperature,30,184,444.74,437.37
temperature,30,185,537.07,545.42
temperature,30,186,532.48,541.36
temperature,30,187,654.22,647.04
temperature,30,188,679.22,671.98
temperature,30,189,550.78,557.59
temperature,30,190,530.78,500.95
temperature,30,191,797.85,801.77
temperature,30,192,502.07,492.58
temperature,30,193,805.85,819.83
temperature,30,194,428.44,428.39
temperature,30,195,759.85,752.6
temperature,30,196,677.81,681.21
temperature,30,197,772.44,781.18
temperature,30,198,422.74,426.48
temperature,30,199,744.04,761.8
temperature,30,200,422.15,445.73
temperature,30,201,673.11,655.72
temperature,30,202,790.74,786.84
temperature,30,203,444.74,449.96
temperature,30,204,755.74,748.48
temperature,30,205,680.22,664.52
temperature,30,206,769.85,769.96
temperature,30,207,802.15,791.84
temperature,30,208,547.78,546.79
temperature,30,209,661.22,659.67
temperature,30,210,279.11,275.88
temperature,30,211,294.7,277.31
temperature,30,212,290.41,286.26
temperature,30,213,277.41,250.61
temperature,30,214,280.11,264.23
temperature,30,215,279.41,263.65
temperature,30,216,284.81,259.71
temperature,30,217,316.11,305.37
temperature,30,218,270.41,260.06
temperature,30,219,291.81,303.22
temperature,30,220,303.81,295.33
temperature,30,221,311.11,281.75
temperature,30,222,285.41,286.27
temperature,30,223,756.44,752.73
temperature,30,224,776.33,787.2
temperature,30,225,800.56,801.13
temperature,30,226,512.07,537.34
temperature,30,227,453.85,455.31
temperature,30,228,539.48,500.98
temperature,30,229,774.15,742.23
temperature,30,230,788.85,796.4
temperature,30,231,701.93,681.78
temperature,30,232,412.44,416.57
temperature,30,233,680.81,700.76
temperature,30,234,423.04,405.47
water_depth,0,1,513.07,495.26
water_depth,0,2,548.07,548.66
water_depth,0,3,420.15,432.49
water_depth,0,4,463.26,458.58
water_depth,0,5,527.59,525.95
water_depth,0,6,419.44,420.91
water_depth,0,7,545.48,554.19
water_depth,0,8,785.56,773.79
water_depth,0,9,677.22,665.74
water_depth,0,10,661.11,659.16
water_depth,0,11,663.22,680.65
water_depth,0,12,792.44,787.1
water_depth,0,13,786.74,783.39
water_depth,0,14,451.15,439.43
water_depth,0,15,514.67,494.97
water_depth,0,16,773.15,773.04
water_depth,0,17,555.89,554.6
water_depth,0,18,500.37,487.27
water_depth,0,19,531.37,532.45
water_depth,0,20,674.52,676.23
water_depth,0,21,773.56,768.11
water_depth,0,22,788.85,774.96
water_depth,0,23,543.37,519.42
water_depth,0,24,439.04,445.49
water_depth,0,25,286.52,282.17
water_depth,0,26,646.11,642.5
water_depth,0,27,538.48,527.65
water_depth,0,28,767.15,777.39
water_depth,0,29,416.85,401.12
water_depth,0,30,787.15,785.6
water_depth,0,31,518.78,517.51
water_depth,0,32,534.78,526.76
water_depth,0,33,545.89,540.79
water_depth,0,34,756.44,753.56
water_depth,0,35,505.37,492.24
water_depth,0,36,533.37,529.85
water_depth,0,37,665.52,660.02
water_depth,0,38,673.81,670.23
water_depth,0,39,539.48,516.74
water_depth,0,40,548.48,537.11
water_depth,0,41,542.59,548.87
water_depth,0,42,444.85,440.51
water_depth,0,43,515.78,534.58
water_depth,0,44,553.48,549.15
water_depth,0,45,513.48,489.26
water_depth,0,46,550.89,546.71
water_depth,0,47,291.52,267.16
water_depth,0,48,425.44,406.55
water_depth,0,49,645.52,648.31
water_depth,0,50,540.48,532.31
water_depth,0,51,521.78,535.37
water_depth,0,52,400.44,395.75
water_depth,0,53,539.19,535.67
water_depth,0,54,541.07,529.1
water_depth,0,55,670.52,661.24
water_depth,0,56,800.15,784.78
water_depth,0,57,680.81,662.17
water_depth,0,58,765.44,770.98
water_depth,0,59,653.93,648.65
water_depth,0,60,791.15,785.63
water_depth,0,61,528.89,512.22
water_depth,0,62,787.04,790.24
water_depth,0,63,637.41,641.37
water_depth,0,64,412.15,405.63
water_depth,0,65,651.52,644.12
water_depth,0,66,546.07,548.28
water_depth,0,67,440.15,434.24
water_depth,0,68,433.15,427.68
water_depth,0,69,756.85,767.54
water_depth,0,70,651.11,657.33
water_depth,0,71,501.07,488.36
water_depth,0,72,779.44,777.9
water_depth,0,73,416.56,406.74
water_depth,0,74,783.15,778.82
water_depth,0,75,769.26,768.75
water_depth,0,76,411.85,429.18
water_depth,0,77,409.44,395.36
water_depth,0,78,808.26,804.55
water_depth,0,79,519.19,514.72
water_depth,0,80,664.93,670.78
water_depth,0,81,283.22,281.95
water_depth,0,82,774.56,770.24
water_depth,0,83,412.74,394.88
water_depth,0,84,418.63,404.08
water_depth,0,85,641.7,647.74
water_depth,0,86,326.93,321.32
water_depth,0,87,522.67,528.71
water_depth,0,88,534.78,521.57
water_depth,0,89,633.41,638.36
water_depth,0,90,443.15,437.33
water_depth,0,91,657.93,657.8
water_depth,0,92,524.78,541
water_depth,0,93,550.89,553.54
water_depth,0,94,553.19,536.29
water_depth,0,95,503.37,505.6
water_depth,0,96,647.52,632.21
water_depth,0,97,651.52,650.97
water_depth,0,98,763.44,763.07
water_depth,0,99,799.85,817.34
water_depth,0,100,761.15,764.59
water_depth,0,101,691.93,685.97
water_depth,0,102,778.85,761.22
water_depth,0,103,533.48,519.61
water_depth,0,104,418.56,408.53
water_depth,0,105,403.15,415.63
water_depth,0,106,795.15,782.23
water_depth,0,107,414.85,416.81
water_depth,0,108,396.04,381.83
water_depth,0,109,776.56,779.26
water_depth,0,110,696.22,686.93
water_depth,0,111,686.93,691.57
water_depth,0,112,647.22,655.76
water_depth,0,113,503.07,509.16
water_depth,0,114,542.19,539.54
water_depth,0,115,294.81,300.75
water_depth,0,116,410.85,402.63
water_depth,0,117,782.85,766.17
water_depth,0,118,516.19,512.85
water_depth,0,119,414.56,410.15
water_depth,0,120,752.74,738.37
water_depth,0,121,678.52,677.35
water_depth,0,122,523.48,522.05
water_depth,0,123,534.37,530.59
water_depth,0,124,505.78,494.48
water_depth,0,125,769.85,775.26
water_depth,0,126,300.22,292.73
water_depth,0,127,563.89,549.14
water_depth,0,128,410.44,410.15
water_depth,0,129,295.52,302.87
water_depth,0,130,693.22,678.41
water_depth,0,131,664.22,671.26
water_depth,0,132,771.85,764.79
water_depth,0,133,795.44,796.94
water_depth,0,134,421.67,426.92
water_depth,0,135,513.78,501.29
water_depth,0,136,545.19,533.65
water_depth,0,137,508.78,491.56
water_depth,0,138,677.22,656.58
water_depth,0,139,760.85,766.73
water_depth,0,140,459.96,465.74
water_depth,0,141,787.26,792.47
water_depth,0,142,773.85,766.78
water_depth,0,143,767.85,762.14
water_depth,0,144,801.15,798.93
water_depth,0,145,759.15,764.42
water_depth,0,146,444.15,429.93
water_depth,0,147,784.85,787.29
water_depth,0,148,789.15,789.54
water_depth,0,149,779.56,772.65
water_depth,0,150,505.67,499.35
water_depth,0,151,541.48,529.85
water_depth,0,152,432.74,420.81
water_depth,0,153,773.04,747.86
water_depth,0,154,794.56,814.64
water_depth,0,155,502.07,498.1
water_depth,0,156,440.44,436.42
water_depth,0,157,664.63,665.44
water_depth,0,158,275.81,279.87
water_depth,0,159,668,671.92
water_depth,0,160,418.33,422.54
water_depth,0,161,319.52,328.26
water_depth,0,162,688.22,688.92
water_depth,0,163,513.19,506.96
water_depth,0,164,671.22,686.08
water_depth,0,165,501.96,487.33
water_depth,0,166,682.22,673.24
water_depth,0,167,774.74,769.24
water_depth,0,168,547.89,557.55
water_depth,0,169,805.56,809.59
water_depth,0,170,443.74,445.16
water_depth,0,171,684.52,674.36
water_depth,0,172,519.19,517.62
water_depth,0,173,650.22,628.47
water_depth,0,174,519.19,502.97
water_depth,0,175,799.15,801.06
water_depth,0,176,681.81,677.35
water_depth,0,177,424.85,437.15
water_depth,0,178,667.93,672.49
water_depth,0,179,535.07,547.25
water_depth,0,180,758.15,762.65
water_depth,0,181,778.74,773.49
water_depth,0,182,502.07,486.98
water_depth,0,183,441.74,440.06
water_depth,0,184,443.74,436.25
water_depth,0,185,536.07,537.64
water_depth,0,186,531.48,540.91
water_depth,0,187,653.22,647.25
water_depth,0,188,678.22,669.38
water_depth,0,189,549.78,554.41
water_depth,0,190,529.78,504.36
water_depth,0,191,796.85,797.68
water_depth,0,192,501.07,489.66
water_depth,0,193,804.85,814.9
water_depth,0,194,427.44,428.88
water_depth,0,195,758.85,751.09
water_depth,0,196,676.81,681.36
water_depth,0,197,771.44,778.21
water_depth,0,198,421.74,424.35
water_depth,0,199,743.04,756.17
water_depth,0,200,421.15,435.94
water_depth,0,201,672.11,660.16
water_depth,0,202,789.74,786.68
water_depth,0,203,443.74,445.1
water_depth,0,204,754.74,751.8
water_depth,0,205,679.22,666.05
water_depth,0,206,768.85,770.65
water_depth,0,207,801.15,793.21
water_depth,0,208,546.78,549.4
water_depth,0,209,660.22,658.33
water_depth,0,210,278.11,274.83
water_depth,0,211,293.7,278.6
water_depth,0,212,289.41,287.34
water_depth,0,213,276.41,248.81
water_depth,0,214,279.11,262.74
water_depth,0,215,278.41,267.06
water_depth,0,216,283.81,262.88
water_depth,0,217,315.11,309.1
water_depth,0,218,269.41,257.48
water_depth,0,219,290.81,302.41
water_depth,0,220,302.81,294.43
water_depth,0,221,310.11,288.21
water_depth,0,222,284.41,288.44
water_depth,0,223,755.44,752.52
water_depth,0,224,775.33,783.21
water_depth,0,225,799.56,797.52
water_depth,0,226,511.07,533.53
water_depth,0,227,452.85,450.26
water_depth,0,228,538.48,506.86
water_depth,0,229,773.15,750.78
water_depth,0,230,787.85,792.09
water_depth,0,231,700.93,684.27
water_depth,0,232,411.44,412.02
water_depth,0,233,679.81,695.2
water_depth,0,234,422.04,408.55
water_depth,10,1,517.57,500.09
water_depth,10,2,552.57,553.56
water_depth,10,3,424.65,434.01
water_depth,10,4,467.76,466.23
water_depth,10,5,532.09,531.68
water_depth,10,6,423.94,424.33
water_depth,10,7,549.98,556.43
water_depth,10,8,790.06,777.64
water_depth,10,9,681.72,668.06
water_depth,10,10,665.61,662.79
water_depth,10,11,667.72,683.5
water_depth,10,12,796.94,790.94
water_depth,10,13,791.24,783.08
water_depth,10,14,455.65,444.82
water_depth,10,15,519.17,500.24
water_depth,10,16,777.65,777.27
water_depth,10,17,560.39,557.24
water_depth,10,18,504.87,490.89
water_depth,10,19,535.87,535.94
water_depth,10,20,679.02,675.58
water_depth,10,21,778.06,769.21
water_depth,10,22,793.35,782.59
water_depth,10,23,547.87,521.88
water_depth,10,24,443.54,447.29
water_depth,10,25,291.02,285.05
water_depth,10,26,650.61,645.17
water_depth,10,27,542.98,528.76
water_depth,10,28,771.65,781.29
water_depth,10,29,421.35,405.45
water_depth,10,30,791.65,788.86
water_depth,10,31,523.28,518.74
water_depth,10,32,539.28,530.85
water_depth,10,33,550.39,543.43
water_depth,10,34,760.94,756.4
water_depth,10,35,509.87,492.41
water_depth,10,36,537.87,533.54
water_depth,10,37,670.02,660.64
water_depth,10,38,678.31,673.38
water_depth,10,39,543.98,518.3
water_depth,10,40,552.98,544.13
water_depth,10,41,547.09,552.03
water_depth,10,42,449.35,448.95
water_depth,10,43,520.28,543.48
water_depth,10,44,557.98,549.88
water_depth,10,45,517.98,489.22
water_depth,10,46,555.39,547.98
water_depth,10,47,296.02,273.84
water_depth,10,48,429.94,408.03
water_depth,10,49,650.02,651.39
water_depth,10,50,544.98,533.76
water_depth,10,51,526.28,540.8
water_depth,10,52,404.94,398.77
water_depth,10,53,543.69,541.64
water_depth,10,54,545.57,531.65
water_depth,10,55,675.02,667.75
water_depth,10,56,804.65,784.74
water_depth,10,57,685.31,667.12
water_depth,10,58,769.94,774.56
water_depth,10,59,658.43,653.53
water_depth,10,60,795.65,793.12
water_depth,10,61,533.39,512.82
water_depth,10,62,791.54,798.32
water_depth,10,63,641.91,647.03
water_depth,10,64,416.65,411.75
water_depth,10,65,656.02,645.56
water_depth,10,66,550.57,554.53
water_depth,10,67,444.65,438.63
water_depth,10,68,437.65,430.74
water_depth,10,69,761.35,767.41
water_depth,10,70,655.61,663.17
water_depth,10,71,505.57,490.93
water_depth,10,72,783.94,780.15
water_depth,10,73,421.06,407.75
water_depth,10,74,787.65,787.96
water_depth,10,75,773.76,773.79
water_depth,10,76,416.35,437.58
water_depth,10,77,413.94,396.01
water_depth,10,78,812.76,805.18
water_depth,10,79,523.69,512.52
water_depth,10,80,669.43,678.86
water_depth,10,81,287.72,284.66
water_depth,10,82,779.06,779.1
water_depth,10,83,417.24,393.77
water_depth,10,84,423.13,406.77
water_depth,10,85,646.2,654.72
water_depth,10,86,331.43,323.4
water_depth,10,87,527.17,532.34
water_depth,10,88,539.28,528.48
water_depth,10,89,637.91,647.74
water_depth,10,90,447.65,443.5
water_depth,10,91,662.43,659.19
water_depth,10,92,529.28,544.46
water_depth,10,93,555.39,556.04
water_depth,10,94,557.69,543.42
water_depth,10,95,507.87,508.18
water_depth,10,96,652.02,636.7
water_depth,10,97,656.02,655.73
water_depth,10,98,767.94,765.63
water_depth,10,99,804.35,825.54
water_depth,10,100,765.65,771.75
water_depth,10,101,696.43,691.31
water_depth,10,102,783.35,761.97
water_depth,10,103,537.98,525.3
water_depth,10,104,423.06,414.5
water_depth,10,105,407.65,416.44
water_depth,10,106,799.65,789.31
water_depth,10,107,419.35,422.1
water_depth,10,108,400.54,385.64
water_depth,10,109,781.06,779.57
water_depth,10,110,700.72,688.13
water_depth,10,111,691.43,695.87
water_depth,10,112,651.72,662.55
water_depth,10,113,507.57,510.39
water_depth,10,114,546.69,543.09
water_depth,10,115,299.31,306.67
water_depth,10,116,415.35,403.9
water_depth,10,117,787.35,768.76
water_depth,10,118,520.69,519.12
water_depth,10,119,419.06,413.99
water_depth,10,120,757.24,742.41
water_depth,10,121,683.02,685.01
water_depth,10,122,527.98,521.21
water_depth,10,123,538.87,536.84
water_depth,10,124,510.28,497.4
water_depth,10,125,774.35,786.59
water_depth,10,126,304.72,293.88
water_depth,10,127,568.39,549.99
water_depth,10,128,414.94,409.71
water_depth,10,129,300.02,307
water_depth,10,130,697.72,679.02
water_depth,10,131,668.72,675.65
water_depth,10,132,776.35,769.06
water_depth,10,133,799.94,802.81
water_depth,10,134,426.17,429.98
water_depth,10,135,518.28,509.31
water_depth,10,136,549.69,539.27
water_depth,10,137,513.28,494.81
water_depth,10,138,681.72,664.11
water_depth,10,139,765.35,774.37
water_depth,10,140,464.46,471.4
water_depth,10,141,791.76,800.73
water_depth,10,142,778.35,770.65
water_depth,10,143,772.35,763.92
water_depth,10,144,805.65,802.27
water_depth,10,145,763.65,772.17
water_depth,10,146,448.65,434.43
water_depth,10,147,789.35,790.59
water_depth,10,148,793.65,797.86
water_depth,10,149,784.06,781.84
water_depth,10,150,510.17,502.83
water_depth,10,151,545.98,531.36
water_depth,10,152,437.24,424.38
water_depth,10,153,777.54,753.28
water_depth,10,154,799.06,819.79
water_depth,10,155,506.57,504.01
water_depth,10,156,444.94,443.36
water_depth,10,157,669.13,666.57
water_depth,10,158,280.31,283.79
water_depth,10,159,672.5,673.58
water_depth,10,160,422.83,426.85
water_depth,10,161,324.02,332.87
water_depth,10,162,692.72,695.72
water_depth,10,163,517.69,513.48
water_depth,10,164,675.72,689.62
water_depth,10,165,506.46,494.26
water_depth,10,166,686.72,674.25
water_depth,10,167,779.24,771.35
water_depth,10,168,552.39,561.49
water_depth,10,169,810.06,811.27
water_depth,10,170,448.24,445.8
water_depth,10,171,689.02,681.23
water_depth,10,172,523.69,520.88
water_depth,10,173,654.72,631.41
water_depth,10,174,523.69,503.16
water_depth,10,175,803.65,804.32
water_depth,10,176,686.31,681.01
water_depth,10,177,429.35,446.79
water_depth,10,178,672.43,673.69
water_depth,10,179,539.57,552.04
water_depth,10,180,762.65,765.6
water_depth,10,181,783.24,774.65
water_depth,10,182,506.57,488.77
water_depth,10,183,446.24,442.12
water_depth,10,184,448.24,441.22
water_depth,10,185,540.57,545.52
water_depth,10,186,535.98,543.15
water_depth,10,187,657.72,651.15
water_depth,10,188,682.72,673.82
water_depth,10,189,554.28,559.23
water_depth,10,190,534.28,508.16
water_depth,10,191,801.35,805.57
water_depth,10,192,505.57,496.87
water_depth,10,193,809.35,818.22
water_depth,10,194,431.94,432.09
water_depth,10,195,763.35,755.62
water_depth,10,196,681.31,682.97
water_depth,10,197,775.94,783.3
water_depth,10,198,426.24,428.63
water_depth,10,199,747.54,761.84
water_depth,10,200,425.65,440.02
water_depth,10,201,676.61,666.82
water_depth,10,202,794.24,791.94
water_depth,10,203,448.24,449.63
water_depth,10,204,759.24,751.14
water_depth,10,205,683.72,666.08
water_depth,10,206,773.35,772.45
water_depth,10,207,805.65,794.59
water_depth,10,208,551.28,555.34
water_depth,10,209,664.72,662.08
water_depth,10,210,282.61,281.28
water_depth,10,211,298.2,281.42
water_depth,10,212,293.91,290.32
water_depth,10,213,280.91,255.03
water_depth,10,214,283.61,267.19
water_depth,10,215,282.91,267.92
water_depth,10,216,288.31,266.72
water_depth,10,217,319.61,316.42
water_depth,10,218,273.91,260.76
water_depth,10,219,295.31,303.5
water_depth,10,220,307.31,298.5
water_depth,10,221,314.61,293.09
water_depth,10,222,288.91,291.23
water_depth,10,223,759.94,756.42
water_depth,10,224,779.83,787.36
water_depth,10,225,804.06,805.64
water_depth,10,226,515.57,539.28
water_depth,10,227,457.35,457.97
water_depth,10,228,542.98,510.66
water_depth,10,229,777.65,751.68
water_depth,10,230,792.35,796.67
water_depth,10,231,705.43,687.01
water_depth,10,232,415.94,418
water_depth,10,233,684.31,703.58
water_depth,10,234,426.54,412.51
water_depth,20,1,522.07,502.93
water_depth,20,2,557.07,554.42
water_depth,20,3,429.15,438.88
water_depth,20,4,472.26,466.7
water_depth,20,5,536.59,533.04
water_depth,20,6,428.44,428.49
water_depth,20,7,554.48,558.84
water_depth,20,8,794.56,785.45
water_depth,20,9,686.22,672.69
water_depth,20,10,670.11,664.45
water_depth,20,11,672.22,687.47
water_depth,20,12,801.44,794.64
water_depth,20,13,795.74,790.37
water_depth,20,14,460.15,449.6
water_depth,20,15,523.67,504.46
water_depth,20,16,782.15,784.38
water_depth,20,17,564.89,564.59
water_depth,20,18,509.37,495.62
water_depth,20,19,540.37,538.09
water_depth,20,20,683.52,682
water_depth,20,21,782.56,773.23
water_depth,20,22,797.85,786.33
water_depth,20,23,552.37,525.4
water_depth,20,24,448.04,455.37
water_depth,20,25,295.52,291.46
water_depth,20,26,655.11,651.4
water_depth,20,27,547.48,535.11
water_depth,20,28,776.15,785.91
water_depth,20,29,425.85,410.55
water_depth,20,30,796.15,796.62
water_depth,20,31,527.78,522.92
water_depth,20,32,543.78,533.97
water_depth,20,33,554.89,548.9
water_depth,20,34,765.44,761.32
water_depth,20,35,514.37,501.27
water_depth,20,36,542.37,536.37
water_depth,20,37,674.52,665.52
water_depth,20,38,682.81,675.61
water_depth,20,39,548.48,521.8
water_depth,20,40,557.48,540.93
water_depth,20,41,551.59,554.66
water_depth,20,42,453.85,451.85
water_depth,20,43,524.78,543.85
water_depth,20,44,562.48,552.63
water_depth,20,45,522.48,494.34
water_depth,20,46,559.89,550.39
water_depth,20,47,300.52,276.19
water_depth,20,48,434.44,412.82
water_depth,20,49,654.52,655.29
water_depth,20,50,549.48,539.05
water_depth,20,51,530.78,544.35
water_depth,20,52,409.44,400.45
water_depth,20,53,548.19,546.17
water_depth,20,54,550.07,535.05
water_depth,20,55,679.52,671.19
water_depth,20,56,809.15,790.57
water_depth,20,57,689.81,668.07
water_depth,20,58,774.44,778.26
water_depth,20,59,662.93,658.55
water_depth,20,60,800.15,792.05
water_depth,20,61,537.89,519.88
water_depth,20,62,796.04,803.03
water_depth,20,63,646.41,647.91
water_depth,20,64,421.15,417.78
water_depth,20,65,660.52,652.99
water_depth,20,66,555.07,557.59
water_depth,20,67,449.15,446.89
water_depth,20,68,442.15,434.85
water_depth,20,69,765.85,772.78
water_depth,20,70,660.11,666.53
water_depth,20,71,510.07,493.34
water_depth,20,72,788.44,782.28
water_depth,20,73,425.56,413.89
water_depth,20,74,792.15,789.06
water_depth,20,75,778.26,776.13
water_depth,20,76,420.85,436.7
water_depth,20,77,418.44,400.65
water_depth,20,78,817.26,809.76
water_depth,20,79,528.19,520.58
water_depth,20,80,673.93,679.28
water_depth,20,81,292.22,288.05
water_depth,20,82,783.56,778.83
water_depth,20,83,421.74,402.05
water_depth,20,84,427.63,409.7
water_depth,20,85,650.7,659.36
water_depth,20,86,335.93,324.68
water_depth,20,87,531.67,532.3
water_depth,20,88,543.78,532.16
water_depth,20,89,642.41,647.57
water_depth,20,90,452.15,445
water_depth,20,91,666.93,668.59
water_depth,20,92,533.78,550.44
water_depth,20,93,559.89,559.25
water_depth,20,94,562.19,548.3
water_depth,20,95,512.37,513.5
water_depth,20,96,656.52,637.54
water_depth,20,97,660.52,657.68
water_depth,20,98,772.44,770.62
water_depth,20,99,808.85,830.72
water_depth,20,100,770.15,776.94
water_depth,20,101,700.93,698.97
water_depth,20,102,787.85,766.33
water_depth,20,103,542.48,529.63
water_depth,20,104,427.56,419.32
water_depth,20,105,412.15,425.29
water_depth,20,106,804.15,793.12
water_depth,20,107,423.85,426.57
water_depth,20,108,405.04,391.43
water_depth,20,109,785.56,787.65
water_depth,20,110,705.22,692.8
water_depth,20,111,695.93,699.77
water_depth,20,112,656.22,666.38
water_depth,20,113,512.07,514.39
water_depth,20,114,551.19,547.28
water_depth,20,115,303.81,312.28
water_depth,20,116,419.85,411.73
water_depth,20,117,791.85,776.14
water_depth,20,118,525.19,520.22
water_depth,20,119,423.56,422.89
water_depth,20,120,761.74,744.65
water_depth,20,121,687.52,689.45
water_depth,20,122,532.48,528.47
water_depth,20,123,543.37,540.56
water_depth,20,124,514.78,500.54
water_depth,20,125,778.85,784.73
water_depth,20,126,309.22,299.37
water_depth,20,127,572.89,555.73
water_depth,20,128,419.44,415.8
water_depth,20,129,304.52,310.82
water_depth,20,130,702.22,682.22
water_depth,20,131,673.22,683.13
water_depth,20,132,780.85,772.82
water_depth,20,133,804.44,803.02
water_depth,20,134,430.67,435.38
water_depth,20,135,522.78,514.74
water_depth,20,136,554.19,537.98
water_depth,20,137,517.78,502.47
water_depth,20,138,686.22,667.62
water_depth,20,139,769.85,778.61
water_depth,20,140,468.96,474.09
water_depth,20,141,796.26,804.64
water_depth,20,142,782.85,773.09
water_depth,20,143,776.85,766.87
water_depth,20,144,810.15,806.87
water_depth,20,145,768.15,775.51
water_depth,20,146,453.15,442.61
water_depth,20,147,793.85,794.97
water_depth,20,148,798.15,799.31
water_depth,20,149,788.56,783.84
water_depth,20,150,514.67,511.66
water_depth,20,151,550.48,536.35
water_depth,20,152,441.74,426.19
water_depth,20,153,782.04,754.1
water_depth,20,154,803.56,823.21
water_depth,20,155,511.07,507.1
water_depth,20,156,449.44,444.39
water_depth,20,157,673.63,669.35
water_depth,20,158,284.81,285.16
water_depth,20,159,677,676.83
water_depth,20,160,427.33,431.07
water_depth,20,161,328.52,336.22
water_depth,20,162,697.22,697.28
water_depth,20,163,522.19,517.51
water_depth,20,164,680.22,691.72
water_depth,20,165,510.96,497.01
water_depth,20,166,691.22,680.32
water_depth,20,167,783.74,775.56
water_depth,20,168,556.89,570.34
water_depth,20,169,814.56,820.7
water_depth,20,170,452.74,453.18
water_depth,20,171,693.52,687.26
water_depth,20,172,528.19,524.02
water_depth,20,173,659.22,639.26
water_depth,20,174,528.19,510.88
water_depth,20,175,808.15,811.02
water_depth,20,176,690.81,684.05
water_depth,20,177,433.85,446.9
water_depth,20,178,676.93,679.97
water_depth,20,179,544.07,556.91
water_depth,20,180,767.15,771.23
water_depth,20,181,787.74,781.56
water_depth,20,182,511.07,495
water_depth,20,183,450.74,451.35
water_depth,20,184,452.74,444.94
water_depth,20,185,545.07,543.16
water_depth,20,186,540.48,545.77
water_depth,20,187,662.22,654.43
water_depth,20,188,687.22,678.49
water_depth,20,189,558.78,562.3
water_depth,20,190,538.78,515.77
water_depth,20,191,805.85,807.43
water_depth,20,192,510.07,499.63
water_depth,20,193,813.85,820.87
water_depth,20,194,436.44,434.57
water_depth,20,195,767.85,761.62
water_depth,20,196,685.81,691.49
water_depth,20,197,780.44,785.38
water_depth,20,198,430.74,430.73
water_depth,20,199,752.04,765.33
water_depth,20,200,430.15,447.49
water_depth,20,201,681.11,668.25
water_depth,20,202,798.74,794.87
water_depth,20,203,452.74,451.92
water_depth,20,204,763.74,755.05
water_depth,20,205,688.22,670.31
water_depth,20,206,777.85,776.27
water_depth,20,207,810.15,800.06
water_depth,20,208,555.78,556.86
water_depth,20,209,669.22,666.09
water_depth,20,210,287.11,283.47
water_depth,20,211,302.7,283.45
water_depth,20,212,298.41,294.3
water_depth,20,213,285.41,258.86
water_depth,20,214,288.11,271.71
water_depth,20,215,287.41,277.86
water_depth,20,216,292.81,269.62
water_depth,20,217,324.11,316.53
water_depth,20,218,278.41,267.35
water_depth,20,219,299.81,308.17
water_depth,20,220,311.81,300.37
water_depth,20,221,319.11,295.39
water_depth,20,222,293.41,294.01
water_depth,20,223,764.44,760.83
water_depth,20,224,784.33,791.22
water_depth,20,225,808.56,811.41
water_depth,20,226,520.07,543
water_depth,20,227,461.85,458.79
water_depth,20,228,547.48,516.41
water_depth,20,229,782.15,759.89
water_depth,20,230,796.85,805.06
water_depth,20,231,709.93,693.87
water_depth,20,232,420.44,417.72
water_depth,20,233,688.81,704.14
water_depth,20,234,431.04,413.9
water_depth,30,1,526.57,507.31
water_depth,30,2,561.57,562.6
water_depth,30,3,433.65,445.72
water_depth,30,4,476.76,469.72
water_depth,30,5,541.09,539.4
water_depth,30,6,432.94,431.8
water_depth,30,7,558.98,564.97
water_depth,30,8,799.06,786.48
water_depth,30,9,690.72,673.81
water_depth,30,10,674.61,669.3
water_depth,30,11,676.72,688.64
water_depth,30,12,805.94,796.93
water_depth,30,13,800.24,794.28
water_depth,30,14,464.65,452.2
water_depth,30,15,528.17,505.16
water_depth,30,16,786.65,786.34
water_depth,30,17,569.39,569.31
water_depth,30,18,513.87,497.28
water_depth,30,19,544.87,542.04
water_depth,30,20,688.02,685.75
water_depth,30,21,787.06,780.67
water_depth,30,22,802.35,787.65
water_depth,30,23,556.87,529.63
water_depth,30,24,452.54,454.36
water_depth,30,25,300.02,294.54
water_depth,30,26,659.61,653.33
water_depth,30,27,551.98,541.9
water_depth,30,28,780.65,788.84
water_depth,30,29,430.35,415.38
water_depth,30,30,800.65,795.32
water_depth,30,31,532.28,531.79
water_depth,30,32,548.28,535.87
water_depth,30,33,559.39,551.31
water_depth,30,34,769.94,762.93
water_depth,30,35,518.87,503.03
water_depth,30,36,546.87,544.66
water_depth,30,37,679.02,668.42
water_depth,30,38,687.31,680.95
water_depth,30,39,552.98,521.96
water_depth,30,40,561.98,547.25
water_depth,30,41,556.09,559.57
water_depth,30,42,458.35,454.81
water_depth,30,43,529.28,548.42
water_depth,30,44,566.98,557.79
water_depth,30,45,526.98,495.98
water_depth,30,46,564.39,558.6
water_depth,30,47,305.02,281.8
water_depth,30,48,438.94,414.28
water_depth,30,49,659.02,659.42
water_depth,30,50,553.98,541.56
water_depth,30,51,535.28,551.66
water_depth,30,52,413.94,406.76
water_depth,30,53,552.69,550.84
water_depth,30,54,554.57,542.89
water_depth,30,55,684.02,674.41
water_depth,30,56,813.65,793.06
water_depth,30,57,694.31,673.14
water_depth,30,58,778.94,781.22
water_depth,30,59,667.43,661.16
water_depth,30,60,804.65,797.85
water_depth,30,61,542.39,521.81
water_depth,30,62,800.54,802.6
water_depth,30,63,650.91,654.15
water_depth,30,64,425.65,422.94
water_depth,30,65,665.02,655.88
water_depth,30,66,559.57,561.12
water_depth,30,67,453.65,447.39
water_depth,30,68,446.65,439.59
water_depth,30,69,770.35,777.43
water_depth,30,70,664.61,670.01
water_depth,30,71,514.57,500.77
water_depth,30,72,792.94,785.2
water_depth,30,73,430.06,417.1
water_depth,30,74,796.65,794.26
water_depth,30,75,782.76,782.84
water_depth,30,76,425.35,441.21
water_depth,30,77,422.94,401.05
water_depth,30,78,821.76,816.48
water_depth,30,79,532.69,524.7
water_depth,30,80,678.43,684.02
water_depth,30,81,296.72,293.1
water_depth,30,82,788.06,783.44
water_depth,30,83,426.24,404.08
water_depth,30,84,432.13,414.91
water_depth,30,85,655.2,663.54
water_depth,30,86,340.43,329.85
water_depth,30,87,536.17,536.3
water_depth,30,88,548.28,535.57
water_depth,30,89,646.91,652.43
water_depth,30,90,456.65,448.22
water_depth,30,91,671.43,668.54
water_depth,30,92,538.28,553.12
water_depth,30,93,564.39,561.34
water_depth,30,94,566.69,554.35
water_depth,30,95,516.87,521.19
water_depth,30,96,661.02,642.41
water_depth,30,97,665.02,661.04
water_depth,30,98,776.94,780.07
water_depth,30,99,813.35,832.44
water_depth,30,100,774.65,776.89
water_depth,30,101,705.43,698.1
water_depth,30,102,792.35,772.33
water_depth,30,103,546.98,531.4
water_depth,30,104,432.06,419.97
water_depth,30,105,416.65,430.24
water_depth,30,106,808.65,798.06
water_depth,30,107,428.35,428.96
water_depth,30,108,409.54,393.88
water_depth,30,109,790.06,789.27
water_depth,30,110,709.72,697.75
water_depth,30,111,700.43,704.01
water_depth,30,112,660.72,665.07
water_depth,30,113,516.57,518.81
water_depth,30,114,555.69,551.29
water_depth,30,115,308.31,311.75
water_depth,30,116,424.35,411.57
water_depth,30,117,796.35,779.29
water_depth,30,118,529.69,526.02
water_depth,30,119,428.06,425.66
water_depth,30,120,766.24,748.84
water_depth,30,121,692.02,692.82
water_depth,30,122,536.98,531.55
water_depth,30,123,547.87,541.35
water_depth,30,124,519.28,504.12
water_depth,30,125,783.35,791.57
water_depth,30,126,313.72,304.57
water_depth,30,127,577.39,559.8
water_depth,30,128,423.94,420.71
water_depth,30,129,309.02,313.11
water_depth,30,130,706.72,688.45
water_depth,30,131,677.72,688.89
water_depth,30,132,785.35,775.05
water_depth,30,133,808.94,804.9
water_depth,30,134,435.17,438.53
water_depth,30,135,527.28,514.55
water_depth,30,136,558.69,544.06
water_depth,30,137,522.28,506.3
water_depth,30,138,690.72,672.51
water_depth,30,139,774.35,779.37
water_depth,30,140,473.46,478.23
water_depth,30,141,800.76,809.67
water_depth,30,142,787.35,778.32
water_depth,30,143,781.35,770.5
water_depth,30,144,814.65,812.67
water_depth,30,145,772.65,777.91
water_depth,30,146,457.65,442.95
water_depth,30,147,798.35,793.22
water_depth,30,148,802.65,808.34
water_depth,30,149,793.06,786.73
water_depth,30,150,519.17,510.85
water_depth,30,151,554.98,541.22
water_depth,30,152,446.24,432.04
water_depth,30,153,786.54,759.53
water_depth,30,154,808.06,825.98
water_depth,30,155,515.57,512.58
water_depth,30,156,453.94,448.08
water_depth,30,157,678.13,674.56
water_depth,30,158,289.31,291.36
water_depth,30,159,681.5,680.48
water_depth,30,160,431.83,434.44
water_depth,30,161,333.02,337.46
water_depth,30,162,701.72,699.13
water_depth,30,163,526.69,524.12
water_depth,30,164,684.72,699.23
water_depth,30,165,515.46,502.17
water_depth,30,166,695.72,683.71
water_depth,30,167,788.24,780.36
water_depth,30,168,561.39,569.44
water_depth,30,169,819.06,820.66
water_depth,30,170,457.24,457.24
water_depth,30,171,698.02,685.11
water_depth,30,172,532.69,527.71
water_depth,30,173,663.72,637.85
water_depth,30,174,532.69,509.15
water_depth,30,175,812.65,813.66
water_depth,30,176,695.31,686.66
water_depth,30,177,438.35,453.49
water_depth,30,178,681.43,684.68
water_depth,30,179,548.57,557.95
water_depth,30,180,771.65,774.06
water_depth,30,181,792.24,783.25
water_depth,30,182,515.57,498.33
water_depth,30,183,455.24,450.06
water_depth,30,184,457.24,449.8
water_depth,30,185,549.57,547.98
water_depth,30,186,544.98,549.56
water_depth,30,187,666.72,658.42
water_depth,30,188,691.72,680
water_depth,30,189,563.28,566.66
water_depth,30,190,543.28,520.7
water_depth,30,191,810.35,810.03
water_depth,30,192,514.57,504.79
water_depth,30,193,818.35,824.96
water_depth,30,194,440.94,444.64
water_depth,30,195,772.35,763.18
water_depth,30,196,690.31,692.85
water_depth,30,197,784.94,790.82
water_depth,30,198,435.24,435.17
water_depth,30,199,756.54,767.03
water_depth,30,200,434.65,448.53
water_depth,30,201,685.61,673.45
water_depth,30,202,803.24,799.55
water_depth,30,203,457.24,457.41
water_depth,30,204,768.24,759.09
water_depth,30,205,692.72,674.4
water_depth,30,206,782.35,780.85
water_depth,30,207,814.65,803.3
water_depth,30,208,560.28,559.48
water_depth,30,209,673.72,671.12
water_depth,30,210,291.61,289.69
water_depth,30,211,307.2,290.12
water_depth,30,212,302.91,299.13
water_depth,30,213,289.91,264.5
water_depth,30,214,292.61,277.55
water_depth,30,215,291.91,278.2
water_depth,30,216,297.31,275.25
water_depth,30,217,328.61,321.87
water_depth,30,218,282.91,270.63
water_depth,30,219,304.31,311.8
water_depth,30,220,316.31,312.84
water_depth,30,221,323.61,297.62
water_depth,30,222,297.91,297.99
water_depth,30,223,768.94,763.75
water_depth,30,224,788.83,795.39
water_depth,30,225,813.06,810.16
water_depth,30,226,524.57,547.37
water_depth,30,227,466.35,462.8
water_depth,30,228,551.98,522.4
water_depth,30,229,786.65,762.23
water_depth,30,230,801.35,807.77
water_depth,30,231,714.43,698.08
water_depth,30,232,424.94,420.76
water_depth,30,233,693.31,708.49
water_depth,30,234,435.54,419.82
water_depth,40,1,531.07,511.11
water_depth,40,2,566.07,566.51
water_depth,40,3,438.15,448.06
water_depth,40,4,481.26,476.71
water_depth,40,5,545.59,544.29
water_depth,40,6,437.44,434.51
water_depth,40,7,563.48,570.18
water_depth,40,8,803.56,793.21
water_depth,40,9,695.22,679.53
water_depth,40,10,679.11,676.59
water_depth,40,11,681.22,697.18
water_depth,40,12,810.44,804.19
water_depth,40,13,804.74,800.07
water_depth,40,14,469.15,456.13
water_depth,40,15,532.67,510.84
water_depth,40,16,791.15,794.61
water_depth,40,17,573.89,573.55
water_depth,40,18,518.37,504.5
water_depth,40,19,549.37,551.35
water_depth,40,20,692.52,691.61
water_depth,40,21,791.56,784.62
water_depth,40,22,806.85,794.36
water_depth,40,23,561.37,533.51
water_depth,40,24,457.04,466.14
water_depth,40,25,304.52,304.01
water_depth,40,26,664.11,660.63
water_depth,40,27,556.48,543.85
water_depth,40,28,785.15,795.54
water_depth,40,29,434.85,420.23
water_depth,40,30,805.15,800.37
water_depth,40,31,536.78,536.87
water_depth,40,32,552.78,544.65
water_depth,40,33,563.89,558.4
water_depth,40,34,774.44,769.29
water_depth,40,35,523.37,508.37
water_depth,40,36,551.37,540.84
water_depth,40,37,683.52,674.21
water_depth,40,38,691.81,685.29
water_depth,40,39,557.48,534.88
water_depth,40,40,566.48,555.13
water_depth,40,41,560.59,563.17
water_depth,40,42,462.85,465.36
water_depth,40,43,533.78,551.81
water_depth,40,44,571.48,562.17
water_depth,40,45,531.48,503.75
water_depth,40,46,568.89,560.95
water_depth,40,47,309.52,283.95
water_depth,40,48,443.44,418.36
water_depth,40,49,663.52,665.34
water_depth,40,50,558.48,547.93
water_depth,40,51,539.78,554.93
water_depth,40,52,418.44,414.25
water_depth,40,53,557.19,552.83
water_depth,40,54,559.07,546.24
water_depth,40,55,688.52,679.32
water_depth,40,56,818.15,798.38
water_depth,40,57,698.81,676.8
water_depth,40,58,783.44,785.24
water_depth,40,59,671.93,663.45
water_depth,40,60,809.15,802.58
water_depth,40,61,546.89,527.79
water_depth,40,62,805.04,809.74
water_depth,40,63,655.41,661.55
water_depth,40,64,430.15,425.81
water_depth,40,65,669.52,662.88
water_depth,40,66,564.07,566.35
water_depth,40,67,458.15,455.59
water_depth,40,68,451.15,444.98
water_depth,40,69,774.85,780.64
water_depth,40,70,669.11,676.41
water_depth,40,71,519.07,505.83
water_depth,40,72,797.44,794.29
water_depth,40,73,434.56,421.83
water_depth,40,74,801.15,798.86
water_depth,40,75,787.26,786.87
water_depth,40,76,429.85,446.41
water_depth,40,77,427.44,410.56
water_depth,40,78,826.26,822.66
water_depth,40,79,537.19,528.25
water_depth,40,80,682.93,685.68
water_depth,40,81,301.22,295.99
water_depth,40,82,792.56,787.03
water_depth,40,83,430.74,407.77
water_depth,40,84,436.63,417.68
water_depth,40,85,659.7,666.94
water_depth,40,86,344.93,333.84
water_depth,40,87,540.67,539.38
water_depth,40,88,552.78,542.14
water_depth,40,89,651.41,657.17
water_depth,40,90,461.15,453.61
water_depth,40,91,675.93,671.85
water_depth,40,92,542.78,558.41
water_depth,40,93,568.89,567.82
water_depth,40,94,571.19,557.89
water_depth,40,95,521.37,521.77
water_depth,40,96,665.52,651.7
water_depth,40,97,669.52,668.98
water_depth,40,98,781.44,778.3
water_depth,40,99,817.85,837.58
water_depth,40,100,779.15,782.16
water_depth,40,101,709.93,702.66
water_depth,40,102,796.85,773.98
water_depth,40,103,551.48,536.33
water_depth,40,104,436.56,430.42
water_depth,40,105,421.15,431.97
water_depth,40,106,813.15,804.77
water_depth,40,107,432.85,433.49
water_depth,40,108,414.04,402.43
water_depth,40,109,794.56,794.99
water_depth,40,110,714.22,699.59
water_depth,40,111,704.93,711.87
water_depth,40,112,665.22,672.31
water_depth,40,113,521.07,524.61
water_depth,40,114,560.19,551.46
water_depth,40,115,312.81,315.33
water_depth,40,116,428.85,418.05
water_depth,40,117,800.85,787.26
water_depth,40,118,534.19,529.09
water_depth,40,119,432.56,428.89
water_depth,40,120,770.74,751.78
water_depth,40,121,696.52,695.58
water_depth,40,122,541.48,538.75
water_depth,40,123,552.37,552.69
water_depth,40,124,523.78,511.03
water_depth,40,125,787.85,792.85
water_depth,40,126,318.22,309.66
water_depth,40,127,581.89,562.3
water_depth,40,128,428.44,425.45
water_depth,40,129,313.52,318.5
water_depth,40,130,711.22,693.47
water_depth,40,131,682.22,692.94
water_depth,40,132,789.85,780.59
water_depth,40,133,813.44,813.72
water_depth,40,134,439.67,439.59
water_depth,40,135,531.78,521.25
water_depth,40,136,563.19,550.17
water_depth,40,137,526.78,510.65
water_depth,40,138,695.22,675.7
water_depth,40,139,778.85,786.23
water_depth,40,140,477.96,479.27
water_depth,40,141,805.26,816.27
water_depth,40,142,791.85,781.11
water_depth,40,143,785.85,775.15
water_depth,40,144,819.15,815.08
water_depth,40,145,777.15,780.7
water_depth,40,146,462.15,449.91
water_depth,40,147,802.85,798.56
water_depth,40,148,807.15,808.94
water_depth,40,149,797.56,789.33
water_depth,40,150,523.67,517.52
water_depth,40,151,559.48,544.71
water_depth,40,152,450.74,435.43
water_depth,40,153,791.04,765.91
water_depth,40,154,812.56,828.87
water_depth,40,155,520.07,519.58
water_depth,40,156,458.44,453.7
water_depth,40,157,682.63,676.78
water_depth,40,158,293.81,297.76
water_depth,40,159,686,683.6
water_depth,40,160,436.33,439.49
water_depth,40,161,337.52,344.57
water_depth,40,162,706.22,707.09
water_depth,40,163,531.19,527.35
water_depth,40,164,689.22,705.68
water_depth,40,165,519.96,503.5
water_depth,40,166,700.22,688.45
water_depth,40,167,792.74,781.79
water_depth,40,168,565.89,575.16
water_depth,40,169,823.56,824.47
water_depth,40,170,461.74,461.92
water_depth,40,171,702.52,689.04
water_depth,40,172,537.19,533.21
water_depth,40,173,668.22,645.09
water_depth,40,174,537.19,516.98
water_depth,40,175,817.15,817.86
water_depth,40,176,699.81,697.68
water_depth,40,177,442.85,452.6
water_depth,40,178,685.93,689.3
water_depth,40,179,553.07,566.05
water_depth,40,180,776.15,776.1
water_depth,40,181,796.74,787.2
water_depth,40,182,520.07,499.3
water_depth,40,183,459.74,457.62
water_depth,40,184,461.74,453.07
water_depth,40,185,554.07,554.54
water_depth,40,186,549.48,556.38
water_depth,40,187,671.22,664.03
water_depth,40,188,696.22,686.24
water_depth,40,189,567.78,573.4
water_depth,40,190,547.78,519.5
water_depth,40,191,814.85,816.57
water_depth,40,192,519.07,509.48
water_depth,40,193,822.85,829.35
water_depth,40,194,445.44,443.95
water_depth,40,195,776.85,770.57
water_depth,40,196,694.81,701.05
water_depth,40,197,789.44,797.52
water_depth,40,198,439.74,440.17
water_depth,40,199,761.04,774.16
water_depth,40,200,439.15,456.2
water_depth,40,201,690.11,676.33
water_depth,40,202,807.74,804.01
water_depth,40,203,461.74,464.77
water_depth,40,204,772.74,766.94
water_depth,40,205,697.22,682.64
water_depth,40,206,786.85,786.72
water_depth,40,207,819.15,807.07
water_depth,40,208,564.78,563.99
water_depth,40,209,678.22,673.94
water_depth,40,210,296.11,292.01
water_depth,40,211,311.7,293.78
water_depth,40,212,307.41,304.96
water_depth,40,213,294.41,265.92
water_depth,40,214,297.11,280.3
water_depth,40,215,296.41,282.9
water_depth,40,216,301.81,278.24
water_depth,40,217,333.11,325.62
water_depth,40,218,287.41,277.34
water_depth,40,219,308.81,313.57
water_depth,40,220,320.81,313.43
water_depth,40,221,328.11,304.16
water_depth,40,222,302.41,307.71
water_depth,40,223,773.44,772.31
water_depth,40,224,793.33,800.79
water_depth,40,225,817.56,815.21
water_depth,40,226,529.07,547.78
water_depth,40,227,470.85,467.96
water_depth,40,228,556.48,524.05
water_depth,40,229,791.15,765.55
water_depth,40,230,805.85,812.88
water_depth,40,231,718.93,702
water_depth,40,232,429.44,427.28
water_depth,40,233,697.81,710.34
water_depth,40,234,440.04,426.55
water_depth,50,1,535.57,513.05
water_depth,50,2,570.57,567.47
water_depth,50,3,442.65,453.99
water_depth,50,4,485.76,477.77
water_depth,50,5,550.09,546.2
water_depth,50,6,441.94,437.19
water_depth,50,7,567.98,573.19
water_depth,50,8,808.06,796.47
water_depth,50,9,699.72,687.88
water_depth,50,10,683.61,678.38
water_depth,50,11,685.72,701.58
water_depth,50,12,814.94,806.29
water_depth,50,13,809.24,802.37
water_depth,50,14,473.65,461.36
water_depth,50,15,537.17,512.34
water_depth,50,16,795.65,795.34
water_depth,50,17,578.39,575.5
water_depth,50,18,522.87,508.01
water_depth,50,19,553.87,555.56
water_depth,50,20,697.02,697.3
water_depth,50,21,796.06,784.96
water_depth,50,22,811.35,799.67
water_depth,50,23,565.87,537.35
water_depth,50,24,461.54,467.07
water_depth,50,25,309.02,301.46
water_depth,50,26,668.61,663.24
water_depth,50,27,560.98,550.04
water_depth,50,28,789.65,800.3
water_depth,50,29,439.35,419.94
water_depth,50,30,809.65,805.54
water_depth,50,31,541.28,537.99
water_depth,50,32,557.28,547.69
water_depth,50,33,568.39,562.38
water_depth,50,34,778.94,773.35
water_depth,50,35,527.87,510.81
water_depth,50,36,555.87,550.95
water_depth,50,37,688.02,675.77
water_depth,50,38,696.31,688.45
water_depth,50,39,561.98,533.02
water_depth,50,40,570.98,556.74
water_depth,50,41,565.09,573.82
water_depth,50,42,467.35,464.37
water_depth,50,43,538.28,561.65
water_depth,50,44,575.98,565.12
water_depth,50,45,535.98,508.53
water_depth,50,46,573.39,557.57
water_depth,50,47,314.02,286.22
water_depth,50,48,447.94,424.48
water_depth,50,49,668.02,667.25
water_depth,50,50,562.98,546.6
water_depth,50,51,544.28,555.33
water_depth,50,52,422.94,415.84
water_depth,50,53,561.69,561.62
water_depth,50,54,563.57,546.06
water_depth,50,55,693.02,681.38
water_depth,50,56,822.65,798.92
water_depth,50,57,703.31,679.66
water_depth,50,58,787.94,789.78
water_depth,50,59,676.43,661.98
water_depth,50,60,813.65,804.01
water_depth,50,61,551.39,530.62
water_depth,50,62,809.54,814.68
water_depth,50,63,659.91,661.39
water_depth,50,64,434.65,429.29
water_depth,50,65,674.02,661.08
water_depth,50,66,568.57,572.8
water_depth,50,67,462.65,453.47
water_depth,50,68,455.65,445.94
water_depth,50,69,779.35,783
water_depth,50,70,673.61,681.14
water_depth,50,71,523.57,509.63
water_depth,50,72,801.94,793.15
water_depth,50,73,439.06,422.79
water_depth,50,74,805.65,800.18
water_depth,50,75,791.76,788.14
water_depth,50,76,434.35,451.2
water_depth,50,77,431.94,409.6
water_depth,50,78,830.76,820.31
water_depth,50,79,541.69,531.75
water_depth,50,80,687.43,692.99
water_depth,50,81,305.72,299.25
water_depth,50,82,797.06,790.12
water_depth,50,83,435.24,411.83
water_depth,50,84,441.13,419.62
water_depth,50,85,664.2,673.72
water_depth,50,86,349.43,338.59
water_depth,50,87,545.17,545.2
water_depth,50,88,557.28,540.26
water_depth,50,89,655.91,663.59
water_depth,50,90,465.65,457.76
water_depth,50,91,680.43,675.51
water_depth,50,92,547.28,566.49
water_depth,50,93,573.39,572.43
water_depth,50,94,575.69,558.24
water_depth,50,95,525.87,523.63
water_depth,50,96,670.02,650.84
water_depth,50,97,674.02,668.55
water_depth,50,98,785.94,782.17
water_depth,50,99,822.35,846.73
water_depth,50,100,783.65,792.53
water_depth,50,101,714.43,705.91
water_depth,50,102,801.35,775.49
water_depth,50,103,555.98,539.29
water_depth,50,104,441.06,430.38
water_depth,50,105,425.65,434.2
water_depth,50,106,817.65,805.93
water_depth,50,107,437.35,436.42
water_depth,50,108,418.54,403.1
water_depth,50,109,799.06,797.56
water_depth,50,110,718.72,702.08
water_depth,50,111,709.43,713.84
water_depth,50,112,669.72,678.24
water_depth,50,113,525.57,528.95
water_depth,50,114,564.69,557.61
water_depth,50,115,317.31,325.12
water_depth,50,116,433.35,421.56
water_depth,50,117,805.35,784.5
water_depth,50,118,538.69,530.35
water_depth,50,119,437.06,431.08
water_depth,50,120,775.24,753.53
water_depth,50,121,701.02,698.67
water_depth,50,122,545.98,537.69
water_depth,50,123,556.87,553.46
water_depth,50,124,528.28,514.31
water_depth,50,125,792.35,799.48
water_depth,50,126,322.72,307.05
water_depth,50,127,586.39,567.64
water_depth,50,128,432.94,430.55
water_depth,50,129,318.02,322.27
water_depth,50,130,715.72,693.27
water_depth,50,131,686.72,695.27
water_depth,50,132,794.35,784.93
water_depth,50,133,817.94,816.29
water_depth,50,134,444.17,443.7
water_depth,50,135,536.28,520.63
water_depth,50,136,567.69,552.54
water_depth,50,137,531.28,510.86
water_depth,50,138,699.72,677.07
water_depth,50,139,783.35,786.72
water_depth,50,140,482.46,490.67
water_depth,50,141,809.76,818.47
water_depth,50,142,796.35,787.31
water_depth,50,143,790.35,778.26
water_depth,50,144,823.65,821.83
water_depth,50,145,781.65,784.73
water_depth,50,146,466.65,454.97
water_depth,50,147,807.35,808.59
water_depth,50,148,811.65,812.34
water_depth,50,149,802.06,795.95
water_depth,50,150,528.17,520.28
water_depth,50,151,563.98,545.06
water_depth,50,152,455.24,441.1
water_depth,50,153,795.54,766.19
water_depth,50,154,817.06,835.6
water_depth,50,155,524.57,519.48
water_depth,50,156,462.94,454.97
water_depth,50,157,687.13,682.77
water_depth,50,158,298.31,300.72
water_depth,50,159,690.5,689.61
water_depth,50,160,440.83,445.75
water_depth,50,161,342.02,351.21
water_depth,50,162,710.72,711.05
water_depth,50,163,535.69,530.79
water_depth,50,164,693.72,705.75
water_depth,50,165,524.46,509.23
water_depth,50,166,704.72,692.13
water_depth,50,167,797.24,783.75
water_depth,50,168,570.39,580.46
water_depth,50,169,828.06,829.33
water_depth,50,170,466.24,463.93
water_depth,50,171,707.02,695.08
water_depth,50,172,541.69,540.09
water_depth,50,173,672.72,642.6
water_depth,50,174,541.69,516.14
water_depth,50,175,821.65,826.83
water_depth,50,176,704.31,697.74
water_depth,50,177,447.35,459.69
water_depth,50,178,690.43,691.03
water_depth,50,179,557.57,567.54
water_depth,50,180,780.65,783.94
water_depth,50,181,801.24,791.39
water_depth,50,182,524.57,505.63
water_depth,50,183,464.24,460.88
water_depth,50,184,466.24,457.54
water_depth,50,185,558.57,559.46
water_depth,50,186,553.98,562.88
water_depth,50,187,675.72,667.25
water_depth,50,188,700.72,686.73
water_depth,50,189,572.28,570.54
water_depth,50,190,552.28,520.59
water_depth,50,191,819.35,820.86
water_depth,50,192,523.57,510.39
water_depth,50,193,827.35,837.24
water_depth,50,194,449.94,450.02
water_depth,50,195,781.35,772.35
water_depth,50,196,699.31,704.17
water_depth,50,197,793.94,800.2
water_depth,50,198,444.24,446.25
water_depth,50,199,765.54,777.99
water_depth,50,200,443.65,460.63
water_depth,50,201,694.61,680.32
water_depth,50,202,812.24,806.19
water_depth,50,203,466.24,467.41
water_depth,50,204,777.24,768.2
water_depth,50,205,701.72,686.06
water_depth,50,206,791.35,787.31
water_depth,50,207,823.65,812.15
water_depth,50,208,569.28,567.49
water_depth,50,209,682.72,677.04
water_depth,50,210,300.61,297.97
water_depth,50,211,316.2,292.99
water_depth,50,212,311.91,306.88
water_depth,50,213,298.91,265.3
water_depth,50,214,301.61,283.82
water_depth,50,215,300.91,283.54
water_depth,50,216,306.31,282.78
water_depth,50,217,337.61,327.93
water_depth,50,218,291.91,280.02
water_depth,50,219,313.31,322.83
water_depth,50,220,325.31,317.4
water_depth,50,221,332.61,308.47
water_depth,50,222,306.91,313.81
water_depth,50,223,777.94,767.37
water_depth,50,224,797.83,805.9
water_depth,50,225,822.06,819.74
water_depth,50,226,533.57,556.64
water_depth,50,227,475.35,471.05
water_depth,50,228,560.98,520.6
water_depth,50,229,795.65,766.53
water_depth,50,230,810.35,815.41
water_depth,50,231,723.43,700.26
water_depth,50,232,433.94,432.1
water_depth,50,233,702.31,720.49
water_depth,50,234,444.54,422.58
water_depth,60,1,540.07,509.56
water_depth,60,2,575.07,572.5
water_depth,60,3,447.15,457.24
water_depth,60,4,490.26,482.02
water_depth,60,5,554.59,555.51
water_depth,60,6,446.44,444.92
water_depth,60,7,572.48,578.43
water_depth,60,8,812.56,802.16
water_depth,60,9,704.22,684.41
water_depth,60,10,688.11,683.52
water_depth,60,11,690.22,704.57
water_depth,60,12,819.44,809.3
water_depth,60,13,813.74,803.65
water_depth,60,14,478.15,458.38
water_depth,60,15,541.67,517.34
water_depth,60,16,800.15,802.68
water_depth,60,17,582.89,574.65
water_depth,60,18,527.37,511.33
water_depth,60,19,558.37,557.81
water_depth,60,20,701.52,699.67
water_depth,60,21,800.56,793.03
water_depth,60,22,815.85,803.67
water_depth,60,23,570.37,538.63
water_depth,60,24,466.04,471
water_depth,60,25,313.52,309.16
water_depth,60,26,673.11,668.54
water_depth,60,27,565.48,548.94
water_depth,60,28,794.15,801.44
water_depth,60,29,443.85,419.78
water_depth,60,30,814.15,808.2
water_depth,60,31,545.78,539.23
water_depth,60,32,561.78,551.91
water_depth,60,33,572.89,566.55
water_depth,60,34,783.44,774.9
water_depth,60,35,532.37,514.92
water_depth,60,36,560.37,553.78
water_depth,60,37,692.52,678.89
water_depth,60,38,700.81,694.31
water_depth,60,39,566.48,532.82
water_depth,60,40,575.48,558.65
water_depth,60,41,569.59,575.79
water_depth,60,42,471.85,468.31
water_depth,60,43,542.78,565.55
water_depth,60,44,580.48,571.97
water_depth,60,45,540.48,504.96
water_depth,60,46,577.89,570.58
water_depth,60,47,318.52,289.07
water_depth,60,48,452.44,424.01
water_depth,60,49,672.52,673.81
water_depth,60,50,567.48,556.35
water_depth,60,51,548.78,560.49
water_depth,60,52,427.44,416.34
water_depth,60,53,566.19,559.63
water_depth,60,54,568.07,551.78
water_depth,60,55,697.52,681.99
water_depth,60,56,827.15,802.26
water_depth,60,57,707.81,686.14
water_depth,60,58,792.44,794.48
water_depth,60,59,680.93,670.36
water_depth,60,60,818.15,805.65
water_depth,60,61,555.89,534.87
water_depth,60,62,814.04,821.45
water_depth,60,63,664.41,669.4
water_depth,60,64,439.15,433.9
water_depth,60,65,678.52,664.92
water_depth,60,66,573.07,571.76
water_depth,60,67,467.15,462.21
water_depth,60,68,460.15,450.28
water_depth,60,69,783.85,789.68
water_depth,60,70,678.11,688.74
water_depth,60,71,528.07,508.48
water_depth,60,72,806.44,797.05
water_depth,60,73,443.56,427.17
water_depth,60,74,810.15,804.88
water_depth,60,75,796.26,795.22
water_depth,60,76,438.85,458.4
water_depth,60,77,436.44,413.44
water_depth,60,78,835.26,825.61
water_depth,60,79,546.19,535.86
water_depth,60,80,691.93,693.18
water_depth,60,81,310.22,300.13
water_depth,60,82,801.56,802.59
water_depth,60,83,439.74,413.53
water_depth,60,84,445.63,425.3
water_depth,60,85,668.7,675.65
water_depth,60,86,353.93,341.87
water_depth,60,87,549.67,551.93
water_depth,60,88,561.78,544.44
water_depth,60,89,660.41,664.34
water_depth,60,90,470.15,461.66
water_depth,60,91,684.93,681.31
water_depth,60,92,551.78,570.74
water_depth,60,93,577.89,577.02
water_depth,60,94,580.19,561.74
water_depth,60,95,530.37,529.09
water_depth,60,96,674.52,657.01
water_depth,60,97,678.52,674.58
water_depth,60,98,790.44,785.38
water_depth,60,99,826.85,849.86
water_depth,60,100,788.15,796.76
water_depth,60,101,718.93,712.27
water_depth,60,102,805.85,780.98
water_depth,60,103,560.48,540.69
water_depth,60,104,445.56,432.09
water_depth,60,105,430.15,441.42
water_depth,60,106,822.15,805.33
water_depth,60,107,441.85,438.93
water_depth,60,108,423.04,406.82
water_depth,60,109,803.56,798.93
water_depth,60,110,723.22,707.49
water_depth,60,111,713.93,717.45
water_depth,60,112,674.22,684.93
water_depth,60,113,530.07,533.21
water_depth,60,114,569.19,563.64
water_depth,60,115,321.81,327.46
water_depth,60,116,437.85,424.95
water_depth,60,117,809.85,786.43
water_depth,60,118,543.19,533.08
water_depth,60,119,441.56,435.43
water_depth,60,120,779.74,756.57
water_depth,60,121,705.52,703.43
water_depth,60,122,550.48,542.9
water_depth,60,123,561.37,557.38
water_depth,60,124,532.78,516.62
water_depth,60,125,796.85,806.85
water_depth,60,126,327.22,310.61
water_depth,60,127,590.89,568.9
water_depth,60,128,437.44,429.19
water_depth,60,129,322.52,329.7
water_depth,60,130,720.22,697.98
water_depth,60,131,691.22,700.01
water_depth,60,132,798.85,786.88
water_depth,60,133,822.44,820.29
water_depth,60,134,448.67,453.49
water_depth,60,135,540.78,526.55
water_depth,60,136,572.19,558.84
water_depth,60,137,535.78,516.63
water_depth,60,138,704.22,680.12
water_depth,60,139,787.85,794.36
water_depth,60,140,486.96,489.81
water_depth,60,141,814.26,823.46
water_depth,60,142,800.85,786.32
water_depth,60,143,794.85,782.47
water_depth,60,144,828.15,821.67
water_depth,60,145,786.15,791.18
water_depth,60,146,471.15,454.53
water_depth,60,147,811.85,814.94
water_depth,60,148,816.15,816.8
water_depth,60,149,806.56,798.95
water_depth,60,150,532.67,521.61
water_depth,60,151,568.48,549.29
water_depth,60,152,459.74,447.35
water_depth,60,153,800.04,764.59
water_depth,60,154,821.56,840.9
water_depth,60,155,529.07,528.8
water_depth,60,156,467.44,461.49
water_depth,60,157,691.63,685.9
water_depth,60,158,302.81,303.64
water_depth,60,159,695,693.24
water_depth,60,160,445.33,452.47
water_depth,60,161,346.52,354.09
water_depth,60,162,715.22,711.7
water_depth,60,163,540.19,533.64
water_depth,60,164,698.22,715.78
water_depth,60,165,528.96,508.9
water_depth,60,166,709.22,693.88
water_depth,60,167,801.74,793.05
water_depth,60,168,574.89,587.36
water_depth,60,169,832.56,831.37
water_depth,60,170,470.74,471.06
water_depth,60,171,711.52,701.22
water_depth,60,172,546.19,541.2
water_depth,60,173,677.22,646.57
water_depth,60,174,546.19,523.84
water_depth,60,175,826.15,827.98
water_depth,60,176,708.81,700.15
water_depth,60,177,451.85,462.45
water_depth,60,178,694.93,698.16
water_depth,60,179,562.07,574.15
water_depth,60,180,785.15,787.65
water_depth,60,181,805.74,796.84
water_depth,60,182,529.07,510.96
water_depth,60,183,468.74,465.32
water_depth,60,184,470.74,460.17
water_depth,60,185,563.07,566.85
water_depth,60,186,558.48,563.17
water_depth,60,187,680.22,671.1
water_depth,60,188,705.22,690.61
water_depth,60,189,576.78,578.42
water_depth,60,190,556.78,528.19
water_depth,60,191,823.85,822.89
water_depth,60,192,528.07,515.09
water_depth,60,193,831.85,839.19
water_depth,60,194,454.44,454.69
water_depth,60,195,785.85,775.43
water_depth,60,196,703.81,708.15
water_depth,60,197,798.44,806.59
water_depth,60,198,448.74,449.06
water_depth,60,199,770.04,779.2
water_depth,60,200,448.15,467.39
water_depth,60,201,699.11,681.92
water_depth,60,202,816.74,809.07
water_depth,60,203,470.74,470.59
water_depth,60,204,781.74,773.35
water_depth,60,205,706.22,687.11
water_depth,60,206,795.85,794.9
water_depth,60,207,828.15,813.44
water_depth,60,208,573.78,570.36
water_depth,60,209,687.22,679.77
water_depth,60,210,305.11,298.63
water_depth,60,211,320.7,301.3
water_depth,60,212,316.41,309.27
water_depth,60,213,303.41,272.53
water_depth,60,214,306.11,284.39
water_depth,60,215,305.41,288.35
water_depth,60,216,310.81,286.81
water_depth,60,217,342.11,335.14
water_depth,60,218,296.41,279.76
water_depth,60,219,317.81,328.98
water_depth,60,220,329.81,316.41
water_depth,60,221,337.11,312.75
water_depth,60,222,311.41,313.59
water_depth,60,223,782.44,771.32
water_depth,60,224,802.33,808.36
water_depth,60,225,826.56,820.67
water_depth,60,226,538.07,561.49
water_depth,60,227,479.85,476.85
water_depth,60,228,565.48,524.18
water_depth,60,229,800.15,771.96
water_depth,60,230,814.85,819.12
water_depth,60,231,727.93,705.19
water_depth,60,232,438.44,436.09
water_depth,60,233,706.81,721.11
water_depth,60,234,449.04,429.57
