time_step,changed_count,mean_reduction_s
1,120,18.5
2,120,18.5
3,120,18.9
4,120,19
5,120,19.1
6,120,19
7,121,18.8
8,121,18.5
9,121,18.3
10,121,19.2
11,121,19.4
12,121,20
13,121,20
14,121,20.4
15,121,20.3
16,121,20.4
17,121,20.7
18,121,21
19,121,21
20,122,21.6
21,122,22.1
22,122,22.5
23,122,23.4
24,122,24
25,122,23
26,122,23.3
27,122,22.4
28,122,21.9
29,121,21.3
30,121,21
31,121,20.8
32,121,20.7
33,121,20.7
34,121,20.9
35,121,21.5
36,121,21.3
37,121,20.6
38,121,20.5
39,121,20.3
40,121,20.1
41,121,20.2
42,120,20.1
43,120,20.1
44,120,20
45,120,20
46,120,20
47,120,20
48,120,20
49,120,19.9
50,120,19.9
51,120,20
52,120,20
53,120,20
54,120,20
55,120,20
56,120,20
57,120,20.02
58,120,19.98
59,120,20.04
60,120,20.01
