origin_node,baseline_s,proposed_s
1,527.51,522.81
2,504.43,504.43
3,444.82,444.82
4,450.98,450.98
5,548.56,548.56
6,448.15,434.72
7,545.83,500.12
8,808.06,796.91
9,712.48,712.48
10,680.42,680.42
11,661.35,659.28
12,755.09,752.7
13,758.7,758.7
14,422.57,408.9
15,546,546
16,817.29,813.27
17,526.73,526.73
18,506.94,506.94
19,519.78,519.78
20,702.36,702.36
21,816.39,812.03
22,809.11,809.11
23,541.58,541.58
24,397.92,397.92
25,298.52,298.52
26,646.29,646.29
27,535.08,535.08
28,792.98,787.86
29,457.07,457.07
30,806.51,806.51
31,513.82,513.82
32,519.76,516.27
33,520.43,520.43
34,802.54,791.18
35,522.33,522.33
36,520.78,520.78
37,661.42,661.42
38,703.38,658.75
42,431.39,431.39
47,324.21,324.21
48,417.18,417.18
49,657.97,656.16
50,554.19,554.19
51,531.84,531.84
52,416.97,416.97
53,550.24,550.24
54,525.83,525.83
55,690.31,686.12
56,786.2,783.72
57,647.08,647.08
58,783.78,778.75
59,664.95,664.95
60,768.92,768.92
62,756.5,755.13
63,655.24,655.24
64,436.79,436.79
65,704.22,704.22
66,563.62,563.62
67,423.91,423.91
68,435.96,435.96
69,818.41,816.76
70,693.2,690.05
71,545.76,545.76
72,801.23,793.59
73,465.16,465.16
74,759.91,755.81
75,811.69,810.66
76,414.32,414.32
77,428.84,428.84
78,805.89,802.48
79,541.72,541.72
80,684.69,684.69
81,301.2,301.2
82,819.97,819.97
83,451.32,451.32
84,436.25,436.25
85,688.78,688.78
86,315.7,315.7
87,533.01,529.09
88,511.65,510.18
89,671.48,671.48
90,430.07,386.93
91,670.04,670.04
92,564.63,564.63
93,561.64,561.64
94,535.05,535.05
95,525.96,525.96
96,686.07,686.07
97,696.66,696.66
98,811.71,809.56
99,822.5,817.74
100,773.88,773.88
101,657.42,655.18
102,798.1,798.1
103,555.56,555.56
104,420,420
105,432.58,432.58
106,784.89,773.25
107,448.44,438.15
108,445.48,445.48
109,811.08,798.1
110,693.31,693.31
111,677.07,673.41
112,683.49,678.14
113,555.32,555.32
114,572.39,567.86
115,312.27,312.27
116,427.99,427.99
117,808.3,805.06
118,557.71,557.71
119,461.81,449.48
120,773.65,767.15
121,673.77,673.77
122,562.07,562.07
123,505.95,505.95
124,540.41,537.74
125,789.44,787.45
126,302.92,302.92
127,576.19,576.19
128,458.95,444.76
129,331.83,331.83
130,683.62,683.62
131,693.19,693.19
132,798.33,798.33
133,796.36,796.36
134,443.05,437.78
135,535.44,535.44
136,544.82,544.82
137,513.41,513.41
138,681.51,681.51
139,804.51,789.94
140,463.6,461.3
141,787.32,776.37
142,766.01,766.01
143,807.89,803.04
144,812,807.73
145,777.79,773.18
146,440.22,440.22
147,764.28,764.28
148,813.07,813.07
149,811.1,797.89
150,539.09,533.55
151,545.66,545.66
152,455.08,455.08
153,750.13,739.37
154,786.01,786.01
155,508.23,508.23
156,421.83,421.83
157,713.69,713.69
158,331.52,331.52
159,683.24,670.65
160,451.88,451.88
161,322.52,322.52
162,662.39,659.56
163,528.84,528.84
164,706.79,706.79
165,543.27,543.27
166,713.19,711.98
167,763.58,762.02
168,562.78,559.19
169,796.72,794.99
170,439.28,439.28
171,708.43,708.43
172,573.11,571.8
173,697.5,697.5
174,520.73,520.73
175,793.91,790.84
176,675.21,675.21
177,434.93,434.93
178,716.04,713.06
179,523.65,509.28
180,790.2,776.28
181,804.23,792.15
182,541.88,541.88
183,432.22,432.22
184,405.4,405.4
185,554.52,554.52
186,525.25,512.49
187,664.7,664.7
188,665.66,653.81
189,557.8,557.8
190,521.59,521.59
191,806.84,771.61
192,514.85,511.09
193,820.16,817.43
194,447.05,447.05
195,806.99,805.86
196,704.16,704.16
197,763.5,761.59
198,458.61,458.61
199,757.24,746.79
200,426.05,426.05
201,648.91,648.91
202,790.43,786.58
203,402.97,402.97
204,784.55,781.96
205,680.23,680.23
206,806.89,803.54
207,811.08,806.12
208,533.08,533.08
209,679.86,674.67
210,273.98,273.98
214,328.92,328.92
215,295.6,295.6
216,288.1,288.1
217,306.87,306.87
218,304.94,304.94
219,326.58,326.58
220,277.7,277.7
221,272.85,272.85
222,320.09,320.09
223,797.54,794.63
224,788.5,788.5
225,767.9,745.65
226,547.93,547.93
227,435.52,435.52
228,526.54,526.54
229,761.77,756.32
230,796.01,796.01
231,663.21,653.88
232,460.88,460.88
233,699.53,695.09
234,420.1,420.1
